Item_Identifier,Outlet_Identifier,Item_Outlet_Sales
FDW58,OUT049,2176.6000699999995
FDW14,OUT017,1516.25963
NCN55,OUT010,573.9196
FDQ58,OUT017,2337.6238000000003
FDY38,OUT027,4211.81751
FDH56,OUT046,2365.38766
FDL48,OUT018,1879.2205000000001
FDC48,OUT027,2437.95986
FDN33,OUT045,1738.4037999999996
FDA36,OUT017,2022.6671099999999
FDT44,OUT017,2024.032
FDQ56,OUT045,1630.3777500000003
NCC54,OUT019,421.98404
FDU11,OUT049,2487.1624800000004
DRL59,OUT013,1475.34622
FDM24,OUT049,2236.78839
FDI57,OUT045,2411.2612799999997
DRC12,OUT018,1997.9326399999998
NCM42,OUT027,2991.53927
FDA46,OUT010,382.50210000000004
FDA31,OUT013,2722.72252
NCJ31,OUT035,2415.62227
FDG52,OUT046,1336.8931099999998
NCL19,OUT019,357.36814999999996
FDS10,OUT035,3044.33721
FDX22,OUT010,351.64227
NCF19,OUT035,1713.03682
NCE06,OUT046,2406.4675199999997
DRC27,OUT046,2860.6429900000003
FDE21,OUT035,2104.19432
NCR42,OUT019,284.82924
FDX51,OUT018,1998.9979200000002
NCR06,OUT018,1484.93374
FDU31,OUT027,5456.663769999999
FDU59,OUT017,2499.0803
FDR03,OUT027,4357.92732
FDS49,OUT027,3446.5802799999997
FDD48,OUT010,218.68201000000005
NCF18,OUT017,3242.4127099999996
NCD43,OUT027,2955.65265
NCD54,OUT018,1812.9068199999997
FDY19,OUT010,192.64923000000002
NCY54,OUT017,2381.59989
NCL19,OUT018,1960.5812600000002
FDP23,OUT010,506.6405099999999
FDC26,OUT013,2673.3534499999996
FDR14,OUT010,289.95590000000004
NCS41,OUT035,3013.4108
FDF41,OUT035,2566.45926
FDU34,OUT046,2586.20023
DRH11,OUT046,1935.6137600000002
FDM03,OUT013,2206.7941
FDS31,OUT017,2700.08532
FDJ20,OUT017,2195.94156
FDV44,OUT027,4968.89869
FDG02,OUT049,2183.5243900000005
FDA09,OUT013,2497.88186
FDT04,OUT013,1061.2852
FDL58,OUT019,365.39104
FDE52,OUT045,1274.2413299999998
FDW12,OUT035,2100.36597
FDL51,OUT017,2767.1979600000004
NCY42,OUT027,3558.1683599999997
FDR07,OUT017,1747.8581600000002
FDN40,OUT045,2061.08377
FDB35,OUT027,2723.8876699999996
FDA22,OUT017,2682.6413600000005
NCL06,OUT046,3212.35184
FDI35,OUT013,3020.4682799999996
NCW42,OUT045,3188.91568
NCX06,OUT049,3219.34274
FDC37,OUT027,2457.7674100000004
FDZ14,OUT018,2152.46482
DRG49,OUT049,2943.20219
NCG06,OUT045,3071.40198
DRC36,OUT045,1742.0657000000003
FDV21,OUT019,389.35983999999996
FDB53,OUT046,2004.6905100000004
DRP47,OUT019,510.63530999999995
FDA14,OUT013,2179.6627500000004
DRC24,OUT035,2252.9673300000004
FDW21,OUT018,1773.6912000000004
NCH29,OUT046,1797.6267100000005
FDU58,OUT013,2397.3793499999997
FDY27,OUT017,2856.2487100000003
FDV56,OUT035,1972.19947
FDT59,OUT046,3390.3534699999996
FDB23,OUT046,3050.49586
FDR49,OUT045,1247.3762999999997
FDB03,OUT010,427.5767599999999
FDN39,OUT045,2684.7386300000003
FDX02,OUT027,4410.0594599999995
FDQ16,OUT027,2056.62291
FDU35,OUT018,2005.3896
NCT29,OUT013,1619.7582400000001
FDZ27,OUT046,1664.9993500000005
FDN57,OUT017,2205.3293399999993
FDA03,OUT018,2152.46482
FDZ36,OUT045,2994.86827
NCU05,OUT013,1557.3062000000002
FDT39,OUT018,1726.81888
FDK60,OUT017,1691.4649000000002
FDZ25,OUT017,2773.78938
FDG12,OUT046,2001.26164
DRB01,OUT019,409.7999
NCC43,OUT027,6210.116339999999
FDX13,OUT019,444.68781999999993
FDM22,OUT049,1371.7810299999996
FDJ03,OUT027,3805.84596
FDU14,OUT018,2382.5653
FDB33,OUT010,301.44094999999993
FDP27,OUT046,2852.1873299999997
FDO38,OUT010,238.55614
FDE28,OUT027,5029.41991
FDO27,OUT035,2225.7361100000003
DRL23,OUT027,3366.2848
FDS28,OUT046,2051.3298
FDX24,OUT013,1692.6633399999998
FDZ02,OUT035,2406.43423
FDL46,OUT045,1847.4618400000004
FDS60,OUT027,2528.27563
NCO06,OUT017,1185.49019
FDO16,OUT035,2052.82785
FDC60,OUT049,2081.98989
FDA48,OUT018,1896.56459
FDZ36,OUT027,4102.3267000000005
FDK27,OUT045,2283.9270300000003
FDW23,OUT018,1698.0896099999998
FDM14,OUT018,1724.422
FDM14,OUT013,2546.8514499999997
FDW60,OUT018,2080.39197
FDE21,OUT013,1883.14872
NCM42,OUT035,2268.51376
FDY59,OUT010,199.14078
DRI49,OUT049,2393.68416
FDT28,OUT019,283.63079999999997
FDQ22,OUT018,1642.8282099999997
FDR60,OUT049,1270.2798199999997
FDC50,OUT019,403.67454
FDV24,OUT013,2242.0815
DRF48,OUT010,447.48418000000004
FDQ47,OUT046,1807.21423
DRN36,OUT049,1576.98059
NCY06,OUT035,2779.2822300000003
FDE52,OUT035,2548.48266
NCB54,OUT045,2303.9343200000003
NCF31,OUT035,2787.4715700000006
FDJ08,OUT027,4795.291340000001
NCC07,OUT017,1917.6371599999998
NCD19,OUT027,1754.6826100000003
FDL46,OUT049,2176.60007
FDM20,OUT045,3199.53519
NCI06,OUT010,421.75100999999995
DRM11,OUT035,2452.30785
NCH07,OUT018,1995.7022100000002
FDS23,OUT013,2207.1935799999997
FDO49,OUT018,759.81096
FDS35,OUT049,1852.9879799999999
DRK39,OUT045,1524.84845
DRI39,OUT049,1675.58557
FDV04,OUT017,2248.2401499999996
NCN14,OUT035,2515.29253
FDH08,OUT013,3251.46759
FDS20,OUT046,3039.51016
FDV40,OUT049,1570.42246
FDZ48,OUT010,252.50465
FDS24,OUT027,3974.8925800000006
FDK44,OUT049,2652.94668
FDS48,OUT045,1636.2035
FDK26,OUT010,312.36007
FDD23,OUT045,2461.92866
NCH54,OUT017,2422.08053
NCP14,OUT010,263.42377
FDM60,OUT010,214.15457
FDV24,OUT017,2278.76708
FDH08,OUT018,2629.94329
FDS12,OUT027,2518.58824
FDR39,OUT027,4482.8314
FDP12,OUT027,3844.6621000000005
DRF60,OUT027,3609.3350900000005
FDC09,OUT035,1834.7783499999998
FDF50,OUT018,2549.98071
FDG28,OUT035,3078.7590699999996
NCE19,OUT017,1151.834
NCM53,OUT010,292.88542
NCN18,OUT049,2179.0968199999998
FDF32,OUT035,2978.0568200000007
FDF11,OUT013,3052.4599699999994
DRI59,OUT049,2286.62352
NCG54,OUT035,3188.2165899999995
FDM44,OUT046,1898.7950199999996
FDT57,OUT018,2663.1667100000004
FDV24,OUT046,1782.6129200000003
FDI50,OUT019,440.62644
FDS09,OUT035,1631.2099999999998
NCC31,OUT027,3802.91644
FDQ07,OUT019,310.16293
FDC22,OUT017,2824.22373
FDZ56,OUT046,2149.60188
FDZ40,OUT019,285.59490999999997
FDS46,OUT027,3165.74584
DRD24,OUT045,2270.81077
FDV45,OUT017,2916.70335
FDL26,OUT045,2562.0982700000004
FDA56,OUT018,1880.9515800000001
FDN27,OUT046,1936.6124600000007
FDM20,OUT049,3266.88086
FDO16,OUT017,1347.07985
FDL03,OUT035,2583.77006
FDE58,OUT046,2590.1284499999997
FDI02,OUT027,3474.9766499999996
NCC55,OUT019,256.69919
FDR03,OUT018,1783.0124
FDB14,OUT017,2272.57514
FDR45,OUT013,3526.0435100000004
NCN07,OUT017,2265.11818
FDM51,OUT019,401.87688
FDT52,OUT027,5029.41991
FDL26,OUT046,2433.9983500000003
NCZ42,OUT046,2635.83562
DRI47,OUT019,372.84799999999996
FDW40,OUT013,2134.0221600000004
FDN34,OUT046,2189.11711
FDS01,OUT035,2547.5838300000005
NCG55,OUT045,2035.0509900000004
FDC11,OUT035,2051.26322
FDX35,OUT018,2594.8223399999997
NCB06,OUT046,2765.33372
FDR09,OUT019,388.42772
FDC53,OUT017,1301.77216
FDY45,OUT013,3264.3175299999994
FDA22,OUT010,394.28676
FDE02,OUT035,1949.3958199999997
FDW21,OUT045,1709.4415000000001
FDV34,OUT046,1304.36878
FDS59,OUT049,1985.8816600000002
NCW17,OUT017,1982.4860800000006
NCK54,OUT046,2162.31866
FDG17,OUT019,424.04802
FDG35,OUT017,2189.2502700000005
FDD08,OUT010,256.76577000000003
NCO07,OUT017,2776.18626
FDJ10,OUT010,531.34169
FDW36,OUT017,1468.38861
FDW21,OUT010,313.12574
FDY19,OUT017,2123.6023899999996
DRE03,OUT013,1786.50785
NCC55,OUT049,1652.1827
FDH52,OUT010,224.97382
FDO09,OUT017,3967.3024600000003
FDU43,OUT045,3892.8993100000007
FDX09,OUT010,353.53979999999996
FDH40,OUT019,290.72157000000004
FDW58,OUT017,1892.9359799999997
FDC47,OUT017,3595.6861900000004
NCR41,OUT035,1704.4479999999999
DRG49,OUT035,2479.63894
FDC52,OUT027,4211.81751
FDY13,OUT046,2064.6458000000002
FDY35,OUT013,1533.63701
FDI35,OUT017,2777.4845700000005
NCU18,OUT049,3072.73358
FDY33,OUT018,2203.2986499999997
FDC15,OUT027,4421.910699999999
FDU01,OUT049,2063.81355
NCU42,OUT046,2415.6222699999994
NCV29,OUT018,2260.6906099999997
NCY30,OUT017,2827.5527300000003
FDQ46,OUT049,2537.89644
FDG58,OUT027,3734.4721999999992
FDK33,OUT017,2957.11741
NCD07,OUT045,1615.06435
NCX29,OUT027,3505.73661
NCT42,OUT013,2322.0440800000006
DRN59,OUT035,1709.6745299999998
FDI44,OUT035,2452.60746
FDA45,OUT049,2385.19521
FDP31,OUT045,1442.32254
FDY01,OUT046,1812.84024
FDT09,OUT018,1817.90032
DRH03,OUT027,4332.32731
FDA36,OUT018,1858.3809600000004
NCF31,OUT017,2641.59479
FDG14,OUT049,2270.2781299999997
FDG28,OUT027,5029.41991
FDU14,OUT049,2930.08593
FDY47,OUT019,283.93041
FDI56,OUT049,1594.3912599999999
DRD01,OUT013,933.75121
FDM22,OUT046,1487.46378
FDH33,OUT013,1770.9947100000002
DRZ24,OUT013,2536.1986499999994
NCQ38,OUT046,1909.81401
FDO16,OUT027,2019.80417
FDU07,OUT027,3887.040269999999
NCB07,OUT013,3155.95858
FDU48,OUT045,1518.024
NCM43,OUT045,2647.3539600000004
FDR31,OUT010,352.94058000000007
DRK49,OUT018,1494.28823
NCI30,OUT010,410.96504999999996
DRD60,OUT017,3023.3977999999997
NCG19,OUT046,2909.51271
FDH12,OUT035,1805.21683
FDM32,OUT035,2407.8989900000006
FDM27,OUT035,2538.66211
NCU53,OUT027,3766.2308600000006
NCQ18,OUT046,2046.9355199999995
FDS10,OUT013,3067.5070499999997
FDB33,OUT027,4216.378240000001
FDI12,OUT013,1846.19682
NCW42,OUT013,3202.46471
NCC06,OUT018,1719.72811
FDW02,OUT017,1672.38973
NCD43,OUT017,1552.07967
FDM57,OUT018,1616.19621
FDA58,OUT017,3577.3766899999996
FDK56,OUT046,2871.8284300000005
FDP52,OUT045,3165.3463599999995
FDW20,OUT018,1797.3271
FDS52,OUT049,1735.0082200000002
NCT29,OUT018,1750.0885899999998
NCL54,OUT013,2695.9906499999993
FDC05,OUT045,2725.9516499999995
FDF34,OUT035,2445.68314
FDP03,OUT027,4242.943659999999
FDD32,OUT010,253.63651
FDZ10,OUT045,1822.8272399999998
FDZ40,OUT035,1598.45264
FDD51,OUT018,1290.38698
NCY30,OUT019,391.95646
FDP58,OUT017,3090.3439900000003
FDV49,OUT017,3961.4434200000005
FDY24,OUT019,212.42349000000004
NCO55,OUT017,2039.5451399999997
FDR13,OUT017,1993.0723000000003
FDS51,OUT017,1986.4143
FDP26,OUT045,1813.6724900000002
NCB54,OUT027,3507.1680799999995
FDF32,OUT017,3122.5687099999996
FDN31,OUT018,2772.25804
DRM48,OUT017,1167.58017
FDN20,OUT049,2834.7766600000004
DRL01,OUT046,3095.00459
FDV56,OUT049,1999.63043
DRH13,OUT027,2970.93276
FDA03,OUT017,2588.9965899999997
FDF47,OUT027,4980.8498
FDX32,OUT046,2297.7423799999997
FDX57,OUT049,1602.8802099999998
NCA30,OUT045,2461.2295700000004
FDO49,OUT013,1151.4345199999998
FDL04,OUT019,286.92651
DRM48,OUT035,2059.8187500000004
FDR16,OUT013,2117.04426
NCC19,OUT018,2315.21963
NCE42,OUT045,2895.8970999999997
FDY24,OUT017,1507.23804
FDH19,OUT049,1944.70193
FDJ46,OUT013,2827.0533800000003
FDN45,OUT010,396.18429000000003
FDY08,OUT035,1839.1060499999999
FDZ37,OUT035,2734.67363
NCT30,OUT045,2001.5279600000001
DRY23,OUT018,838.94129
NCZ30,OUT018,2039.57843
FDC44,OUT018,1785.4092800000003
FDB45,OUT035,2537.3305100000002
FDY04,OUT013,2529.8735500000003
FDM27,OUT046,2366.61939
FDZ43,OUT017,3552.5756400000005
FDT39,OUT019,406.73722
NCC06,OUT019,357.83421000000004
FDL15,OUT027,4059.4491799999996
FDL57,OUT017,3984.8462900000004
FDU08,OUT046,1945.1347
FDK40,OUT017,3593.5889200000006
FDQ12,OUT010,373.94656999999995
FDS48,OUT017,1631.5429
FDP09,OUT045,2783.27703
FDW21,OUT049,1666.1645
FDY25,OUT035,2572.55133
DRE13,OUT017,1549.88253
FDV43,OUT019,375.1783
FDD22,OUT045,1821.5289299999997
FDM46,OUT019,379.10652000000005
NCO30,OUT010,357.53459999999995
FDM25,OUT046,2664.4317300000002
NCN41,OUT049,1901.15861
FDU24,OUT045,1842.5016300000007
FDZ50,OUT046,2575.6140100000002
FDP45,OUT013,3109.6521900000002
NCM54,OUT045,2068.6738900000005
FDW10,OUT019,413.36193000000003
FDP20,OUT017,2295.8448500000004
FDK32,OUT046,2416.35465
FDN52,OUT049,1650.61807
FDM58,OUT045,1811.1757400000001
FDZ46,OUT027,3262.3867099999998
NCA18,OUT018,1937.7443200000002
FDD35,OUT046,1883.78123
NCK31,OUT035,1870.2654899999998
FDI40,OUT027,2957.65005
FDT50,OUT019,308.09895
NCT06,OUT046,2493.68732
FDT31,OUT035,2523.34871
FDT45,OUT049,2006.8543600000005
FDT13,OUT045,3755.611349999999
FDO50,OUT045,1419.65205
NCU18,OUT010,312.39336
NCR54,OUT049,3244.7430099999997
NCO18,OUT018,2068.7404699999997
FDU09,OUT045,1102.4982200000002
FDT13,OUT018,2210.7889
FDE09,OUT046,2292.21624
NCK53,OUT019,347.44773
FDG45,OUT049,2703.71393
DRH15,OUT035,2785.07469
FDO21,OUT019,373.5138
FDD14,OUT027,4377.701580000001
FDC09,OUT046,2116.2453
FDH45,OUT027,2921.49711
FDV32,OUT046,1888.6415700000002
FDG12,OUT035,2100.36597
FDS32,OUT013,2144.67496
NCL55,OUT018,2243.8125800000003
DRE01,OUT035,2499.81268
DRE15,OUT049,1622.0885400000002
NCL42,OUT045,2871.4289500000004
FDP31,OUT013,1757.9783199999997
FDN33,OUT018,1692.2305700000002
FDZ59,OUT046,2750.71941
FDE45,OUT010,274.57591999999994
FDJ07,OUT013,2002.52666
FDQ45,OUT018,2229.0984
FDM33,OUT027,6039.67154
FDO15,OUT010,393.28806
FDM46,OUT013,2457.8007000000002
FDR03,OUT045,3253.46499
FDY49,OUT018,1796.8943300000003
FDQ60,OUT045,2269.6123300000004
FDW10,OUT049,2445.08392
FDO51,OUT049,2174.3030599999997
FDJ40,OUT018,1296.0795699999999
FDS20,OUT018,2551.51205
FDU45,OUT013,2257.7943800000003
FDV02,OUT035,3149.5003199999996
FDN09,OUT046,3048.0989799999998
NCM55,OUT027,3088.41317
FDN23,OUT018,2046.8689399999996
FDY31,OUT010,277.33898999999997
FDW03,OUT010,434.26804999999996
FDD14,OUT046,2470.6173500000004
FDV23,OUT017,1887.1768099999997
DRI03,OUT045,2856.2487100000003
FDN13,OUT035,2078.39457
FDF45,OUT027,2801.78627
FDU46,OUT035,1675.5522800000003
FDB57,OUT049,2894.63208
FDV12,OUT049,1834.8116400000004
FDQ58,OUT013,2564.86134
NCA18,OUT017,1679.1143100000002
FDH52,OUT049,1581.4081600000002
FDM24,OUT018,1889.7401400000003
NCP43,OUT027,3260.88866
NCO18,OUT019,355.03785000000005
FDM32,OUT017,2211.3548299999998
NCL07,OUT017,1724.85477
FDK03,OUT013,2790.5675400000005
FDP59,OUT017,2166.5797799999996
FDQ24,OUT049,2295.87814
FDQ16,OUT018,1876.92349
FDU44,OUT013,2383.6638699999994
FDH28,OUT010,212.68981
FDV28,OUT019,231.86485000000002
FDM22,OUT045,914.2765599999999
FDR56,OUT046,2799.95532
FDV39,OUT049,1962.1458900000002
FDU37,OUT019,276.307
FDQ11,OUT010,630.11312
FDX02,OUT045,3647.65188
NCS42,OUT018,1769.96272
FDY57,OUT027,2515.22595
FDB21,OUT049,3127.86182
FDE28,OUT017,3082.22123
FDQ55,OUT017,1823.99239
FDA48,OUT049,2131.75844
FDZ19,OUT045,2959.74732
NCC43,OUT045,3943.9328800000003
NCV18,OUT046,1851.3900599999997
NCA42,OUT018,2180.09552
FDY45,OUT046,2791.1001800000004
NCC30,OUT045,3035.94813
FDM57,OUT013,1534.36939
FDL09,OUT010,333.06645
FDB09,OUT027,3522.61464
FDT44,OUT035,2468.8196900000003
NCT06,OUT027,3996.7974000000004
FDX26,OUT049,2888.2403999999997
FDK32,OUT013,2366.41965
DRA12,OUT046,1988.7445999999995
FDO46,OUT010,359.93148
FDE52,OUT013,1995.0697000000005
NCH42,OUT045,4032.31783
FDV08,OUT035,1853.42075
FDB47,OUT018,2778.74959
FDC28,OUT010,349.44513000000006
FDD22,OUT046,2137.28458
FDS07,OUT027,3526.3098299999997
DRI13,OUT045,3056.8542499999994
FDG32,OUT018,2632.63978
FDU14,OUT017,3793.0626
FDD28,OUT019,282.19933000000003
NCP41,OUT017,1875.9580800000003
FDS08,OUT049,2499.31333
FDX47,OUT045,2419.1177200000006
FDC53,OUT019,296.51403
FDQ19,OUT035,2637.13393
FDL14,OUT045,2747.85647
FDM33,OUT019,450.97963
FDA51,OUT045,1548.88383
FDZ27,OUT018,1450.7116199999998
FDT04,OUT046,1322.6117
DRC13,OUT049,1987.01352
FDR16,OUT027,5029.41991
FDQ03,OUT027,4432.82982
FDE38,OUT035,2424.44412
DRH23,OUT027,2911.3103700000006
FDT11,OUT019,385.73123
FDD09,OUT035,2721.42421
FDR40,OUT045,1327.6052
FDX07,OUT017,3519.71841
FDR07,OUT035,2537.3305100000002
FDA51,OUT017,1936.1131099999998
FDT59,OUT019,449.2485500000001
FDF20,OUT017,3083.6527
FDR13,OUT045,1857.9814800000004
FDY26,OUT049,2544.2548300000008
FDW04,OUT017,1810.3434900000004
FDK52,OUT017,3901.6878700000007
FDN60,OUT049,2183.7574200000004
FDM09,OUT019,331.30208000000005
FDP46,OUT049,2040.5438400000003
FDB50,OUT019,360.26438
NCQ29,OUT049,2589.36278
FDP16,OUT027,3657.605589999999
FDX33,OUT018,2129.9940699999997
FDP07,OUT010,349.2121000000001
FDN22,OUT046,2461.8953699999997
FDF39,OUT049,2604.5097299999998
FDS21,OUT017,1431.86948
NCM42,OUT013,1843.86652
FDK50,OUT019,429.57416
DRF13,OUT027,3609.8011500000002
FDH35,OUT018,2212.48669
FDP60,OUT018,1587.53352
DRJ49,OUT027,3369.41406
NCT42,OUT019,321.0820500000001
FDE38,OUT049,2115.04686
FDI04,OUT049,2880.48383
NCH54,OUT045,3093.14035
FDT56,OUT049,1565.8950200000004
DRD15,OUT018,2439.3247499999998
FDV58,OUT013,3220.94066
FDP21,OUT049,2448.8124000000003
FDH05,OUT013,2518.6881100000005
FDR10,OUT027,4375.10496
NCP06,OUT045,2089.64659
FDF33,OUT049,1641.92938
DRK37,OUT013,2789.00291
DRH49,OUT045,1669.7598200000004
FDT58,OUT013,2918.1681100000005
FDD41,OUT018,1500.14727
FDP40,OUT018,1599.9174
FDM51,OUT027,4225.699439999999
FDO45,OUT010,311.32808
FDW33,OUT010,325.40975
FDY24,OUT045,1453.5412700000002
FDB10,OUT010,390.29196
FDM40,OUT035,2163.55039
NCI06,OUT017,3340.8179500000006
FDW12,OUT019,288.82403999999997
FDX48,OUT027,3963.4075299999995
NCW05,OUT027,2695.8907800000006
FDX27,OUT017,2179.79591
DRM37,OUT045,2979.1886799999997
FDA38,OUT045,3196.57238
FDR36,OUT046,2512.56275
FDZ45,OUT046,3038.0786900000003
FDG05,OUT017,2323.6419999999994
FDK28,OUT013,2814.43647
FDV47,OUT045,1741.2334500000002
FDN21,OUT045,2131.6252800000007
FDP20,OUT027,3511.89526
FDI35,OUT045,2776.01981
DRY23,OUT013,1443.2879500000001
FDA56,OUT017,2030.6234200000004
FDB09,OUT013,1951.72612
NCO26,OUT027,3290.9495299999994
FDQ49,OUT018,1868.86731
FDI52,OUT027,2744.194569999999
FDZ44,OUT027,3390.3534699999996
FDZ09,OUT018,2528.1757600000005
FDY03,OUT049,2280.9309300000004
NCG42,OUT017,2212.71972
DRI13,OUT027,3609.8011500000002
FDQ32,OUT013,1866.33727
FDW16,OUT035,2152.6312700000003
FDU27,OUT046,2053.06088
FDR28,OUT010,309.9299
FDQ49,OUT010,379.73903
FDS37,OUT046,2105.9254
FDW26,OUT018,2152.46482
FDX12,OUT018,2564.3286999999996
NCP06,OUT013,2346.6121000000003
FDW45,OUT010,398.94736
NCN30,OUT049,2459.19888
FDN24,OUT049,1601.6817700000001
NCL41,OUT027,2140.04765
FDR02,OUT019,306.43444999999997
FDD09,OUT010,294.45005
FDS33,OUT010,309.9299
FDU22,OUT045,2239.15198
FDI53,OUT013,2071.3703800000003
DRH01,OUT049,2662.8338099999996
FDX32,OUT013,2128.2962799999996
NCP30,OUT018,1414.25907
FDB60,OUT045,2376.47323
FDB14,OUT049,1979.3901099999996
NCP02,OUT035,2091.17793
FDJ10,OUT017,2209.0245299999997
FDG34,OUT046,1777.3863900000001
NCB18,OUT017,1564.2971000000002
FDM16,OUT049,1655.0456399999998
FDW25,OUT018,1941.9055700000001
FDB35,OUT010,235.99281000000002
DRN11,OUT013,2325.00689
FDF41,OUT019,302.50622999999996
FDH16,OUT045,1061.48494
NCQ50,OUT018,2347.47764
DRH23,OUT018,1863.4077499999996
DRJ37,OUT013,2788.0374999999995
DRJ24,OUT027,3609.3350900000005
FDY16,OUT035,2868.13324
FDQ27,OUT045,2085.0192799999995
FDZ33,OUT045,2219.9769399999996
FDF29,OUT045,2456.23607
FDA08,OUT049,2658.90559
FDG31,OUT046,1560.7350700000002
FDE34,OUT019,454.17547
NCR30,OUT027,1799.3577900000005
FDV33,OUT035,2523.91464
DRZ24,OUT018,1847.96119
NCL54,OUT035,3298.7726800000005
FDR12,OUT049,2412.8592
NCC54,OUT046,3042.90574
DRN59,OUT013,1668.6279600000003
FDX50,OUT019,306.43445
FDV31,OUT027,4311.720800000001
NCA29,OUT027,4104.42397
FDW60,OUT049,2274.13977
FDX08,OUT017,2957.8830800000005
DRD49,OUT013,3089.4118700000004
FDD33,OUT046,3095.07117
FDW35,OUT013,1505.93973
FDJ36,OUT017,1461.13139
FDV51,OUT035,2884.2456
FDW36,OUT046,1769.6298199999997
FDH35,OUT046,2352.00508
NCS30,OUT027,3460.29576
FDN49,OUT017,1820.9962900000003
FDL08,OUT018,3038.5114600000006
FDI09,OUT013,3434.22969
FDP19,OUT018,1702.25086
FDU21,OUT010,299.77644999999995
NCP41,OUT045,2002.82627
FDY10,OUT013,2467.52138
FDP12,OUT018,1564.36368
NCN26,OUT049,2396.7801299999996
FDK44,OUT013,2479.07301
FDC28,OUT049,1617.82742
FDJ41,OUT027,3657.605589999999
NCT29,OUT035,2322.44356
NCH42,OUT019,441.85817
FDU60,OUT018,2374.5091199999997
FDS02,OUT045,3764.9991299999992
FDC51,OUT046,2528.3754999999996
FDU03,OUT013,2601.6467900000002
FDX39,OUT045,3442.1859999999992
NCY05,OUT010,255.36758999999998
NCL06,OUT027,6066.66973
FDD32,OUT035,1900.7591300000004
NCN41,OUT045,1952.2587600000002
NCX53,OUT049,1901.15861
FDU57,OUT019,280.93431
FDQ23,OUT046,2193.6445500000004
FDQ52,OUT045,4059.3160199999998
FDC14,OUT045,1509.0357000000001
FDY09,OUT035,3188.9156800000005
FDQ28,OUT045,2557.5708299999997
FDV25,OUT046,3204.02934
FDJ07,OUT035,2218.0128300000006
DRB25,OUT049,2218.2791499999994
FDK52,OUT019,333.43263999999994
FDY52,OUT027,2019.80417
FDB28,OUT046,2499.1468800000002
FDT36,OUT035,1180.29695
FDV25,OUT017,3333.46086
NCN07,OUT027,2842.93271
FDC57,OUT017,3808.4758699999998
FDQ03,OUT018,1916.6717500000002
FDU23,OUT017,2988.6763299999993
NCX41,OUT035,2726.0515200000004
NCD06,OUT035,1741.2667399999998
FDW08,OUT045,2067.7084800000002
NCU29,OUT017,2236.38891
NCE06,OUT013,2588.8301399999996
FDV52,OUT010,229.90073999999998
FDB02,OUT017,3290.68321
NCR18,OUT045,1166.2485700000002
FDK16,OUT049,1735.0082200000002
NCQ29,OUT010,293.35148
FDZ01,OUT019,293.38477
FDW27,OUT035,2539.5609400000003
FDD17,OUT018,2579.4756500000003
FDW39,OUT013,2627.74615
DRH59,OUT045,1379.27128
FDS52,OUT013,1719.39521
FDU40,OUT027,3657.60559
NCF54,OUT013,2666.29597
FDH46,OUT045,1627.78113
NCP14,OUT049,1890.6389700000004
FDH50,OUT049,2268.08099
DRF15,OUT010,335.5632
FDV27,OUT027,4258.25706
NCJ06,OUT049,2745.7924900000003
FDN02,OUT018,2318.78166
FDQ51,OUT049,2113.08275
FDQ07,OUT017,3667.79233
FDS45,OUT049,1940.64055
NCJ06,OUT045,1770.6951000000001
FDD36,OUT035,1294.41507
FDY25,OUT045,3415.0879400000003
FDU52,OUT046,2304.73328
DRK47,OUT017,3209.3890299999994
NCL30,OUT017,2211.48799
FDN22,OUT035,2482.3687199999995
NCF30,OUT027,3782.0769
FDK03,OUT035,2937.37644
FDT45,OUT017,1398.47961
NCC54,OUT027,3893.132339999999
FDP08,OUT018,2467.88757
FDU44,OUT046,2578.21063
DRG39,OUT035,2785.07469
FDU32,OUT049,2251.5025699999997
FDY27,OUT049,2674.68505
NCP54,OUT013,1999.1976599999998
NCZ41,OUT049,1901.15861
DRL49,OUT013,2897.2286999999997
FDI05,OUT018,1433.30095
FDY56,OUT045,3692.95957
DRC13,OUT013,1654.37984
NCV29,OUT017,2632.44004
FDR24,OUT049,1834.8116400000004
FDZ34,OUT018,2155.32776
FDP37,OUT035,2240.28384
FDX08,OUT027,4877.917119999999
FDS57,OUT045,2734.0411200000003
NCG18,OUT049,2633.37216
FDK25,OUT018,2259.19256
FDH53,OUT049,2011.7146999999998
DRI59,OUT018,2469.98484
FDA52,OUT046,2622.38646
FDT20,OUT010,259.39568
FDE36,OUT019,325.01027000000005
FDI24,OUT017,2217.6799300000002
FDB28,OUT018,2308.2620199999997
FDV11,OUT017,2427.8064099999997
FDP01,OUT046,2292.7155900000002
FDD34,OUT027,4361.123159999999
FDJ50,OUT027,3446.5802800000006
FDZ44,OUT013,1819.9310099999998
DRO59,OUT035,1930.3206500000003
DRB48,OUT045,1132.5590900000002
FDR21,OUT018,2361.39286
NCE42,OUT010,411.86388
FDO23,OUT046,2325.7059799999997
NCE30,OUT018,2385.8943000000004
FDQ22,OUT035,1409.3321499999997
FDY01,OUT045,2206.7941
FDS08,OUT017,2604.9425
FDG28,OUT018,1784.9765099999997
FDQ51,OUT018,1534.76887
FDB05,OUT017,3688.49871
FDO56,OUT049,2349.20872
FDE02,OUT018,1850.7575499999998
FDN45,OUT017,3058.71849
FDS09,OUT013,1352.07335
NCA54,OUT018,2265.25134
FDP09,OUT010,412.06362
FDC53,OUT045,1383.2327899999998
NCM55,OUT017,2765.4003000000002
FDL09,OUT018,2012.11418
FDA11,OUT019,241.2859200000001
FDA50,OUT045,1469.4206
FDC23,OUT017,2966.7715100000005
FDE22,OUT049,2886.07655
FDD23,OUT046,3210.8205
NCA29,OUT049,3101.59601
FDK38,OUT046,2162.4518199999998
DRC13,OUT046,1856.3835599999998
NCP43,OUT049,2767.1979599999995
FDX28,OUT049,1891.13832
FDF08,OUT049,1793.16585
FDZ33,OUT046,2493.7206100000003
FDD10,OUT049,2400.27558
FDO58,OUT017,2271.14367
FDI50,OUT017,3559.4666700000002
FDO58,OUT045,2197.1400000000003
FDX08,OUT013,2872.66068
NCK17,OUT010,255.36759
FDF39,OUT035,2930.6851500000002
FDU45,OUT010,323.9117
NCJ18,OUT018,1857.7484499999998
DRC27,OUT019,326.34187000000003
DRC25,OUT035,1764.9026400000002
FDU59,OUT035,2632.4733300000003
FDU28,OUT035,2702.2824599999994
NCP30,OUT046,1754.7824800000003
FDB39,OUT018,1435.1318999999996
FDE41,OUT013,1555.07577
DRH11,OUT010,202.93584
FDA58,OUT045,3441.5202000000004
FDU50,OUT046,2435.9624599999997
FDM34,OUT013,2760.2736400000003
FDM44,OUT027,2753.01642
FDR39,OUT045,2600.54822
FDM25,OUT045,2448.2797600000004
FDQ49,OUT049,2373.8766100000003
DRH25,OUT018,1612.93379
FDM09,OUT027,4316.28153
FDL44,OUT019,375.1782999999999
NCR42,OUT018,1546.68669
DRL59,OUT046,2041.1097699999998
FDX43,OUT013,2628.54511
DRK47,OUT010,333.43264000000005
FDU48,OUT018,1587.53352
FDY12,OUT045,1295.24732
NCN43,OUT018,1726.98533
NCM55,OUT018,2324.3077999999996
FDQ21,OUT027,3535.1316799999995
FDX13,OUT035,2880.08435
NCK30,OUT027,5542.6518399999995
FDG20,OUT049,2862.3740700000003
DRG27,OUT017,1272.17735
FDY14,OUT018,2428.87169
FDP59,OUT035,2168.21099
FDU60,OUT017,2928.38814
NCC18,OUT019,438.59574999999995
DRJ39,OUT017,3670.0560499999992
FDS07,OUT049,1788.9380200000003
FDM08,OUT027,5456.663769999999
FDP51,OUT045,1705.9460499999998
FDU16,OUT035,2334.99389
FDH12,OUT013,1692.6633400000003
DRE48,OUT010,479.77547999999996
NCL42,OUT027,5888.43507
FDR21,OUT045,2417.98586
NCW29,OUT035,2328.4357600000003
FDO11,OUT013,3037.2131500000005
NCM31,OUT049,2615.7284600000003
FDV35,OUT019,317.8196300000001
FDF58,OUT017,1326.10715
NCE43,OUT049,3169.80722
FDA02,OUT035,2769.4283900000005
DRL37,OUT010,272.04588
FDR24,OUT018,2071.9696000000004
FDW59,OUT049,2029.1586600000003
FDS22,OUT049,1496.0858899999998
FDW24,OUT017,1148.63816
FDU24,OUT035,2100.36597
FDA21,OUT027,4975.78972
FDH58,OUT027,3373.4088599999995
FDW36,OUT018,1518.7230900000002
FDI45,OUT027,4507.499290000001
FDU01,OUT018,1796.8943299999996
FDF35,OUT027,3599.44796
FDU43,OUT019,310.16292999999996
FDE24,OUT019,267.85133999999994
FDK50,OUT049,2115.0468600000004
FDG31,OUT045,1960.64784
FDC60,OUT045,1998.9313400000003
FDL36,OUT013,1612.1681199999998
FDP21,OUT013,2695.1916899999997
FDW16,OUT045,1819.5315299999997
FDX02,OUT017,3569.65341
FDQ58,OUT027,4212.31686
FDT51,OUT046,2331.7647600000005
FDD59,OUT049,1768.83086
NCM42,OUT018,1903.22259
FDA57,OUT018,1762.5057599999996
FDZ48,OUT035,1294.41507
FDE46,OUT045,2228.99853
NCZ30,OUT019,324.91040000000004
FDB56,OUT017,2828.58472
FDA25,OUT027,3441.05414
FDD20,OUT013,1902.5900800000004
FDL25,OUT013,1306.3994700000003
NCO18,OUT049,3129.4930299999996
FDJ45,OUT017,1468.95454
FDR12,OUT035,2474.5788600000005
NCF19,OUT010,248.80946000000003
FDK25,OUT046,2535.66601
NCR17,OUT046,1797.6267099999998
FDC52,OUT046,2335.82614
NCA54,OUT017,3149.0009700000005
FDR45,OUT010,399.94606000000005
NCM19,OUT049,2529.10788
FDF39,OUT027,4211.81751
FDX23,OUT049,1677.8159999999996
FDD58,OUT027,3063.14606
FDX28,OUT013,1444.98574
NCD31,OUT013,2494.8191800000004
FDU57,OUT018,1881.7172500000001
FDI27,OUT046,2244.1787699999995
NCM42,OUT046,2086.01798
FDD32,OUT027,3061.6812999999997
FDI34,OUT013,3125.931
NCM29,OUT049,2216.8809699999997
FDG46,OUT018,1773.6912000000004
DRC01,OUT010,230.49996000000002
FDB15,OUT027,4476.20669
NCA17,OUT027,3531.1368799999996
FDF10,OUT046,2170.40813
FDR26,OUT027,4418.94789
FDI02,OUT049,2013.3459099999995
NCM54,OUT010,343.95228
FDF14,OUT013,2575.4808500000004
FDJ33,OUT010,311.59440000000006
FDM20,OUT035,2931.91688
FDC03,OUT027,4211.817510000001
NCX05,OUT046,1901.3916399999998
NCM41,OUT027,2616.4608400000006
NCU29,OUT010,288.15824000000003
FDQ59,OUT017,1975.49518
FDH46,OUT010,313.55851
FDH09,OUT013,833.6814700000001
NCD06,OUT045,1018.3410999999999
FDC15,OUT035,3187.7838199999997
DRD37,OUT027,2970.9327599999997
FDT28,OUT027,3467.31995
FDR28,OUT027,4212.1837000000005
FDT38,OUT017,1426.4765000000002
FDV34,OUT027,2184.68954
FDY52,OUT035,1895.8654999999999
FDB34,OUT013,1448.7808
DRL23,OUT018,2201.1680899999997
DRB24,OUT046,2195.67524
FDJ50,OUT046,2064.6458
FDQ49,OUT035,2642.92639
FDP20,OUT035,2537.3305100000002
FDV19,OUT027,4215.1465100000005
NCR54,OUT045,3659.4032499999994
FDO09,OUT010,343.81912
FDS57,OUT018,2485.7643000000003
FDN10,OUT049,2295.6451100000004
FDV23,OUT049,2346.9117100000003
FDY28,OUT049,2653.01326
DRG51,OUT013,2641.3617600000002
FDD45,OUT019,375.1783
NCL18,OUT027,4717.69235
NCM29,OUT013,1653.24798
FDF17,OUT027,3657.60559
FDE22,OUT017,2460.86338
FDQ22,OUT017,1320.88062
FDS01,OUT013,2868.4328500000006
FDW35,OUT027,2024.23174
FDJ33,OUT046,2003.5919399999998
NCF54,OUT035,2754.94724
FDE09,OUT013,1818.36638
NCE06,OUT045,2303.53484
DRH49,OUT049,2471.08341
FDY43,OUT045,2555.93962
NCT05,OUT017,3244.4766900000004
FDZ34,OUT045,2832.6128099999996
FDL38,OUT017,1645.3582499999998
FDZ31,OUT017,3278.26604
FDR14,OUT035,2672.28817
NCN54,OUT049,2188.8840800000003
NCC42,OUT027,3558.83416
FDK08,OUT017,2022.2343400000002
FDP59,OUT013,1881.0847399999998
FDV22,OUT035,2338.0232800000003
FDD33,OUT035,3068.47246
DRE60,OUT027,3609.3350900000005
FDK52,OUT046,2650.4166400000004
FDA02,OUT017,3018.03811
FDM56,OUT049,2045.3043100000002
FDE57,OUT035,2130.46013
FDM32,OUT045,1768.06519
NCQ30,OUT027,3104.69198
FDQ27,OUT027,4156.988880000001
FDT60,OUT027,2373.6102899999996
FDU43,OUT049,3139.6464800000003
NCO55,OUT035,2201.43441
FDG02,OUT045,3241.4140100000004
FDJ28,OUT013,2758.7755899999997
FDP40,OUT045,1343.1849200000001
FDJ38,OUT045,3523.24715
NCC54,OUT017,3072.6337100000005
NCZ41,OUT046,2504.63973
FDK38,OUT019,439.69431999999995
FDU52,OUT013,2333.7621599999998
FDC40,OUT046,2244.21206
NCR30,OUT017,1444.18678
NCN18,OUT017,1611.40245
FDB50,OUT035,1605.2438000000002
FDG04,OUT013,2804.64921
FDR26,OUT035,3149.50032
NCT17,OUT018,2280.4315799999995
FDX35,OUT027,4511.39422
FDS12,OUT046,1782.6129200000003
NCZ29,OUT027,3094.5052399999995
FDB38,OUT010,290.62170000000003
FDP12,OUT013,1768.3980900000001
FDP22,OUT046,1419.6853399999998
FDS26,OUT018,2287.0895800000003
FDR52,OUT046,3040.8084700000004
DRJ13,OUT046,2195.67524
FDU48,OUT027,2627.1802199999997
FDE29,OUT035,1420.5841699999999
NCT29,OUT049,1863.7406500000002
DRK37,OUT018,2036.3825900000004
FDK55,OUT046,1789.5705300000002
FDR07,OUT046,1812.17444
FDO21,OUT027,4521.2147700000005
FDK46,OUT049,3417.1852100000006
FDB12,OUT045,1395.7165400000001
FDT31,OUT027,4263.58346
FDJ33,OUT045,2016.5750399999997
FDC26,OUT027,3477.34024
NCQ02,OUT045,3187.48421
FDP08,OUT010,356.36945000000003
FDB11,OUT027,5040.80509
FDV55,OUT013,1990.4091000000003
FDW20,OUT049,2081.98989
NCJ18,OUT019,384.13331000000005
FDC41,OUT018,1366.8874
FDE14,OUT027,3294.5781400000005
FDG35,OUT013,2389.58949
FDF45,OUT035,1930.7534200000002
FDS19,OUT027,2839.17094
FDS58,OUT019,305.36917000000005
FDA26,OUT017,3822.92373
FDM32,OUT049,2037.28142
FDL45,OUT046,2390.38845
FDZ55,OUT049,2499.31333
FDY37,OUT049,1965.1087
FDO46,OUT046,2373.51042
FDQ60,OUT046,2636.40155
FDA19,OUT018,1910.1802
FDL15,OUT046,2149.8682
FDM10,OUT018,2849.49084
NCL05,OUT017,1195.64364
DRK49,OUT010,278.77046000000007
NCE18,OUT027,5888.435070000001
FDG40,OUT049,1482.90305
DRI59,OUT045,2923.8274100000003
FDK28,OUT035,3591.9244200000003
NCD06,OUT019,252.83755000000005
FDO11,OUT019,520.52244
FDK27,OUT046,2149.46872
FDT43,OUT027,2083.1217500000002
FDD38,OUT018,1635.10493
FDA16,OUT049,2559.23533
FDL14,OUT027,4183.95378
NCM17,OUT049,1862.5089199999998
FDD20,OUT045,2501.9765300000004
FDA40,OUT045,1786.57443
FDL43,OUT045,1992.1068900000002
FDV15,OUT045,2276.0705900000003
FDE52,OUT046,2294.94602
NCL17,OUT010,289.68958000000003
NCJ31,OUT045,2771.0595999999996
FDR60,OUT045,1113.61708
NCA18,OUT035,2388.92369
FDS21,OUT027,2111.8510200000005
FDW09,OUT035,1676.0183399999999
FDL26,OUT035,2704.2798599999996
FDS47,OUT018,1792.20044
FDC39,OUT046,2490.82438
FDT51,OUT035,2323.27581
FDK40,OUT035,2548.44937
NCG19,OUT045,3188.71594
FDZ07,OUT046,2086.1844300000002
FDF08,OUT027,2978.88907
FDO04,OUT013,1403.9058799999998
FDK41,OUT018,1366.8874
FDP15,OUT049,3023.1647700000003
NCD43,OUT018,1847.52842
NCP18,OUT013,2286.4570700000004
FDZ51,OUT046,2114.71396
DRH13,OUT035,1784.9432199999999
FDF38,OUT045,1387.7935199999997
NCI43,OUT045,1257.39659
FDM38,OUT027,2537.39709
FDS03,OUT013,1849.4592400000001
DRJ47,OUT017,2402.40614
FDT50,OUT010,243.01700000000005
FDV02,OUT046,2782.8442600000003
NCG18,OUT017,1927.45771
FDW52,OUT046,2889.73845
FDS40,OUT035,1464.99303
FDN31,OUT017,2774.3886
FDA37,OUT045,2548.48266
FDA15,OUT046,2815.7014900000004
FDL39,OUT046,2342.6838799999996
FDJ53,OUT045,1672.4230200000002
FDX22,OUT013,2695.1916899999997
NCZ42,OUT045,2866.66848
FDD56,OUT027,4655.406759999999
FDD40,OUT017,2808.5108499999997
FDS50,OUT013,2922.96187
NCN14,OUT013,2775.18756
FDT15,OUT013,2627.74615
NCS18,OUT027,2991.53927
NCO26,OUT010,290.98789
FDF58,OUT018,1726.8854600000002
NCB19,OUT013,1883.2152999999998
FDH26,OUT017,2578.8764299999993
DRB24,OUT027,3609.8011500000002
FDA49,OUT018,1916.9380700000002
FDB32,OUT045,1878.1219300000005
FDI36,OUT017,3012.44539
NCA17,OUT010,297.57931
FDH22,OUT013,2456.53568
NCM26,OUT018,1827.5877099999998
FDT15,OUT027,4191.61048
FDB16,OUT018,1453.4746900000002
NCP54,OUT027,3104.69198
FDJ36,OUT013,1885.17941
FDO28,OUT045,1695.4597
FDU09,OUT013,1567.1600400000002
FDF29,OUT017,2084.7196699999995
FDY08,OUT013,2406.23449
DRJ59,OUT018,1850.5578099999996
FDT23,OUT027,2903.15432
FDU15,OUT018,1531.3067099999998
FDT47,OUT013,1867.6355799999997
FDI53,OUT019,294.15044
FDR59,OUT018,2397.3127699999995
FDD53,OUT035,1551.1475500000001
FDY51,OUT017,2939.60687
FDT04,OUT049,1508.2367399999998
FDU51,OUT049,2314.05448
FDG14,OUT035,2829.51684
NCU06,OUT045,3344.6795899999997
DRG25,OUT046,2195.6752399999996
DRH49,OUT035,2169.4760100000008
FDN15,OUT035,2464.2256700000003
FDL43,OUT018,1904.4210300000002
NCT18,OUT049,3215.21478
NCB31,OUT013,3558.23494
FDK57,OUT035,2676.3828399999998
FDY04,OUT019,307.83263
NCP54,OUT046,2390.8878
FDF41,OUT013,3012.77829
FDM01,OUT045,2140.8799000000004
FDW03,OUT045,2075.49834
FDF28,OUT045,2346.84513
FDY37,OUT017,2413.32526
FDQ03,OUT017,3344.21353
FDP51,OUT027,4194.63987
FDJ40,OUT017,1985.8816600000002
FDC32,OUT049,2030.7232900000004
DRI49,OUT027,2369.54891
NCW54,OUT017,1231.46368
FDF09,OUT017,1093.50992
FDP45,OUT018,2368.51692
DRJ23,OUT018,2542.7567800000006
FDS59,OUT017,1944.0361299999997
FDY08,OUT046,2219.57746
FDX16,OUT049,2636.10194
FDY16,OUT018,1805.8493400000002
FDK32,OUT035,2358.3301800000004
FDQ22,OUT013,1103.26389
NCC31,OUT018,2149.8349100000005
FDG58,OUT049,2358.4633400000007
DRF48,OUT013,2789.00291
DRH36,OUT049,2299.8396500000003
NCR30,OUT035,2494.55286
FDB03,OUT019,402.50939
FDZ28,OUT027,3918.5326100000007
FDR35,OUT017,2974.92756
DRD15,OUT027,5853.88005
FDJ33,OUT019,322.48023
FDA56,OUT010,279.33639
FDP56,OUT046,1924.8943799999997
NCT30,OUT046,1521.08668
FDK15,OUT017,2114.9137
FDH44,OUT018,1915.04054
FDV01,OUT013,1987.5461599999999
DRG03,OUT017,2943.5683799999997
FDG50,OUT027,3446.5802800000006
FDR16,OUT010,422.38352
FDZ60,OUT046,2002.7929800000002
DRG03,OUT045,3136.2841899999994
FDS56,OUT018,2594.3895700000003
FDU33,OUT045,1164.65065
DRD27,OUT035,2928.5213000000003
FDW22,OUT046,2417.15361
DRA24,OUT045,1742.0657000000003
FDF38,OUT049,1876.82362
FDX48,OUT013,2282.3624
FDS58,OUT018,2030.95632
FDC32,OUT046,1592.0276700000002
NCQ29,OUT045,3541.95613
DRK39,OUT018,1603.1465299999998
NCS38,OUT017,1685.7723099999998
DRO47,OUT013,2272.5085599999993
DRG27,OUT027,4252.1317
FDC57,OUT027,4988.8394
FDS55,OUT046,2579.8085499999997
NCJ06,OUT018,1620.72365
FDO01,OUT019,311.66098
NCM55,OUT045,2776.7189
FDC52,OUT049,2291.65031
FDQ15,OUT045,1418.8863800000001
NCT30,OUT027,1735.4409900000003
NCR42,OUT027,1732.44489
FDD28,OUT035,1624.5520000000001
FDQ34,OUT049,2490.59135
FDZ12,OUT027,2472.7812000000004
DRE13,OUT019,265.65420000000006
NCN07,OUT019,325.37646
FDM28,OUT035,2332.1309499999998
FDI10,OUT017,2508.96743
FDQ25,OUT013,2116.6114900000002
FDA38,OUT010,370.71744
DRI13,OUT049,2940.2060899999997
FDY20,OUT027,2839.170939999999
NCZ53,OUT035,2765.7997800000003
NCM31,OUT013,2212.28695
DRB01,OUT017,2926.42403
DRF37,OUT046,2194.7431199999996
NCF42,OUT049,2987.3780199999997
FDF16,OUT018,2218.24586
FDB41,OUT013,2040.8767400000004
FDR34,OUT013,3034.41679
FDR15,OUT018,2036.2494299999998
NCV42,OUT019,308.03237
FDW51,OUT035,3097.66779
FDU36,OUT017,1222.34222
FDX60,OUT049,1782.04699
FDY03,OUT035,2311.92392
FDW55,OUT045,3850.6210100000003
FDT01,OUT010,597.8884
FDG58,OUT013,2622.81923
FDK21,OUT017,4087.4460699999995
NCS41,OUT019,423.98144
FDS10,OUT045,2381.06725
NCT53,OUT046,2222.80659
FDJ28,OUT018,2588.86343
FDX44,OUT045,1483.90175
FDT20,OUT018,1062.45035
FDO44,OUT017,1992.2067600000003
NCX17,OUT049,2314.45396
FDY01,OUT017,2343.74916
FDJ12,OUT027,4137.880420000001
DRK35,OUT018,2361.7590499999997
FDD47,OUT019,351.64227
NCM53,OUT035,2170.6078700000003
FDO45,OUT013,2002.7929800000002
NCM42,OUT010,382.26907
FDE04,OUT046,2611.76695
NCI30,OUT027,5897.95601
FDZ19,OUT013,2762.1378799999998
FDW57,OUT013,2548.04989
FDA25,OUT013,1758.1780600000002
FDT22,OUT046,1512.46457
FDP51,OUT013,2601.64679
FDD48,OUT027,2353.03707
FDY39,OUT035,2576.87903
FDO48,OUT010,341.15592
FDD23,OUT027,4016.97114
DRN35,OUT027,2761.50537
FDT01,OUT035,2930.38554
FDC20,OUT010,215.31972000000002
DRJ35,OUT035,1788.47196
FDB32,OUT046,1634.2061
FDL24,OUT046,3115.64439
NCV42,OUT035,2129.0619500000003
FDZ46,OUT046,2243.8791599999995
FDC15,OUT013,2583.3705800000002
FDD08,OUT019,229.73428999999996
FDY50,OUT049,1841.2033199999998
FDD36,OUT013,1699.2547600000003
FDG57,OUT027,1991.7074100000002
FDL21,OUT018,1653.81391
FDN16,OUT027,3017.87166
FDJ09,OUT027,1677.4831
FDS01,OUT010,301.6074
FDV33,OUT017,3533.03441
DRE12,OUT017,1771.5606399999997
FDR07,OUT013,1749.1231799999998
FDP48,OUT010,277.80505000000005
NCB55,OUT035,1711.7052199999998
FDQ08,OUT013,1794.9968000000001
FDR34,OUT035,2518.32192
FDO33,OUT046,2268.4804699999995
FDP13,OUT045,1579.21102
FDX12,OUT049,2389.09014
NCT06,OUT049,3112.34868
FDR16,OUT019,363.69325
FDE36,OUT046,2677.7810199999994
FDZ36,OUT049,2236.78839
FDV13,OUT045,1646.39024
NCZ17,OUT035,1700.35333
FDU56,OUT045,2685.8039099999996
FDM09,OUT035,2430.36974
FDV02,OUT017,2783.3436099999994
FDS34,OUT018,2134.42164
FDA11,OUT049,1798.15935
FDP09,OUT017,2968.63575
FDB29,OUT027,3156.8907000000004
FDT19,OUT017,3045.8685499999997
DRH15,OUT017,1272.1773500000002
FDY38,OUT046,2504.4066999999995
FDF14,OUT027,3817.8636500000002
FDN48,OUT010,241.25263
FDQ12,OUT013,2389.42304
NCJ43,OUT045,2419.6503599999996
FDE17,OUT019,319.08464999999995
FDB05,OUT035,2548.44937
FDH10,OUT045,2507.93544
NCR06,OUT017,1044.54033
FDU32,OUT018,1842.4017600000002
FDD56,OUT049,2945.66565
FDO36,OUT018,1716.7985899999999
FDH16,OUT010,357.00196000000005
FDX10,OUT018,1672.7892100000001
FDZ37,OUT017,1720.7601000000002
FDU31,OUT010,381.33695
DRC49,OUT049,2640.5295099999994
FDL15,OUT045,2600.5482199999997
FDN32,OUT019,375.1782999999999
DRH59,OUT027,3081.92162
NCU29,OUT049,2334.39467
FDR37,OUT019,342.2212
FDS14,OUT018,2271.84276
FDU02,OUT027,4277.898160000001
FDJ08,OUT035,2952.25707
NCZ06,OUT045,3208.2904599999997
FDO31,OUT049,2266.449780000001
FDH31,OUT018,1621.98867
FDS58,OUT017,2469.8516800000007
NCA53,OUT027,2282.26253
FDF50,OUT046,2162.4518199999998
NCW42,OUT049,3261.3880099999997
NCQ17,OUT045,2428.20589
FDK51,OUT018,2387.6253800000004
NCW41,OUT010,297.57931
NCR29,OUT017,1279.7008899999998
FDB08,OUT019,375.1782999999999
FDA40,OUT027,2897.4950200000003
FDL14,OUT018,1885.1461199999999
FDB47,OUT046,2616.69387
FDO03,OUT035,2593.7237699999996
DRK13,OUT019,369.88519
FDX13,OUT010,414.62695
FDF52,OUT046,2304.73328
FDT11,OUT013,2422.7463299999995
FDB08,OUT013,2580.10816
FDQ28,OUT018,1624.7517400000002
FDD29,OUT045,3889.3039900000003
NCQ29,OUT027,3893.132339999999
NCO02,OUT013,1462.5295700000001
FDR56,OUT010,354.0058599999999
NCM54,OUT049,2769.0954899999997
FDP51,OUT035,2352.43785
FDT38,OUT013,1851.5898000000002
FDZ20,OUT018,2846.22842
FDJ53,OUT013,1816.9349100000004
FDX13,OUT049,2475.41111
FDP58,OUT035,3510.1641799999998
NCK31,OUT019,222.04429999999996
FDA35,OUT018,2105.725659999999
FDV37,OUT018,2086.0845600000002
NCO07,OUT027,3622.75096
FDA20,OUT045,2796.2268400000003
FDZ59,OUT035,2439.39133
NCY17,OUT017,1160.4561099999999
FDQ28,OUT035,2781.87885
FDV35,OUT017,2505.63843
FDQ36,OUT013,1768.3980900000001
FDD34,OUT018,2231.4619900000002
FDK51,OUT045,3688.6318699999997
FDV31,OUT035,2762.0380099999998
FDR04,OUT035,1953.95655
FDR14,OUT049,1560.4354600000001
DRC36,OUT010,484.90214
FDE39,OUT019,306.43444999999997
FDP57,OUT049,2161.25338
FDE57,OUT046,2423.64516
NCN18,OUT046,2051.16335
NCQ05,OUT018,2184.4898000000003
FDW47,OUT035,2054.59222
FDV46,OUT035,2560.70009
NCP29,OUT045,1328.9368
FDE09,OUT018,1495.68641
NCU06,OUT027,5918.19633
FDT19,OUT010,378.94007
DRF15,OUT017,2874.6580799999997
DRI51,OUT013,2572.0519799999997
NCX54,OUT013,1792.8329500000004
DRE01,OUT013,3089.4118700000004
NCB07,OUT045,3293.8790499999996
FDU50,OUT035,2430.33645
FDG40,OUT035,1410.2975600000002
FDW10,OUT018,2474.07951
FDX51,OUT013,2627.74615
NCP17,OUT045,1366.5877900000003
FDP21,OUT035,2886.0432599999995
FDL04,OUT045,1562.59931
FDV23,OUT013,2156.1933
FDF24,OUT046,2084.2203200000004
FDH56,OUT027,3285.02391
FDB51,OUT049,1543.02479
FDI58,OUT027,2410.02955
FDR20,OUT013,1705.0139299999998
FDC51,OUT018,2152.4648199999997
FDB16,OUT027,4287.45239
FDE40,OUT049,2236.58865
NCM17,OUT035,1910.1802
FDU56,OUT035,2567.9240200000004
FDS32,OUT019,310.16292999999996
FDX02,OUT049,2930.08593
FDT39,OUT027,3874.6231
FDE35,OUT017,1805.18354
NCI42,OUT019,396.28416000000004
DRL23,OUT046,2507.9021500000003
FDA10,OUT046,2697.65515
FDA11,OUT013,1692.6633400000003
NCM06,OUT046,2318.0492799999993
NCT05,OUT035,3091.6423
NCQ02,OUT010,376.21029000000004
NCY06,OUT049,2959.4809999999998
FDY56,OUT035,2783.90954
FDL02,OUT035,2463.46
NCI06,OUT035,2769.02891
FDQ14,OUT045,2219.9103599999994
FDQ12,OUT017,2607.9386
FDP36,OUT046,2482.5684600000004
FDK21,OUT027,5816.82828
FDO40,OUT045,2233.6258399999997
NCK54,OUT019,337.5606
FDY09,OUT018,2405.7018500000004
NCW30,OUT049,3181.42543
NCC55,OUT027,1844.5323199999998
FDE58,OUT018,2302.3696900000004
FDR39,OUT013,2878.2534
FDU28,OUT049,2459.2654599999996
FDH08,OUT017,2838.8380399999996
FDG35,OUT045,2433.6987400000003
FDG22,OUT049,1496.0858899999998
FDC34,OUT035,2286.5902300000002
FDP15,OUT018,2340.5200299999997
FDK34,OUT010,413.76141000000007
FDU45,OUT035,1820.4303599999998
FDQ04,OUT027,1290.8530400000002
FDX22,OUT018,2246.2094599999996
FDB45,OUT017,1997.9992200000002
NCH43,OUT027,5895.59242
DRE60,OUT046,2194.743119999999
FDD17,OUT027,3657.60559
NCM54,OUT017,2090.37897
NCH55,OUT013,2309.56033
NCT06,OUT017,3051.82746
FDA48,OUT027,2603.11155
FDY58,OUT027,5816.82828
FDO25,OUT045,2915.5382
FDN50,OUT045,1714.8011900000001
FDH35,OUT035,3165.08004
FDK09,OUT045,3438.05804
FDO16,OUT013,1705.74631
FDW11,OUT045,1602.71376
FDU47,OUT027,3753.71382
NCQ42,OUT010,337.82692000000003
FDK55,OUT027,3537.82817
FDN08,OUT049,2338.88882
FDT57,OUT045,3881.04807
FDJ12,OUT018,2437.09432
DRL59,OUT017,1356.5674999999999
NCN53,OUT046,1679.1143099999997
FDO51,OUT010,385.4982000000001
FDK56,OUT017,3055.32291
FDY12,OUT035,2100.36597
FDU15,OUT035,2108.1558299999997
FDQ19,OUT046,3083.7525699999997
DRF15,OUT045,2827.2198300000005
DRE25,OUT019,288.15824
FDK57,OUT018,1978.45799
FDD33,OUT010,331.10234
FDR34,OUT027,4521.2147700000005
FDU04,OUT045,1390.29027
FDE35,OUT019,181.7634
NCD31,OUT035,2874.42505
FDJ56,OUT035,1613.16682
NCU53,OUT046,2222.80659
FDD39,OUT035,3187.7838200000006
NCU17,OUT019,393.58767
FDJ20,OUT046,1982.48608
NCW41,OUT018,2460.26416
FDL52,OUT035,1863.8405199999997
FDS39,OUT035,2531.93753
DRJ47,OUT045,2473.7799000000005
FDP13,OUT010,180.59824999999998
DRK39,OUT010,306.76735
FDF28,OUT010,259.42897
FDB09,OUT045,2571.71908
FDM51,OUT046,2176.36704
DRM49,OUT018,946.9007600000001
DRF23,OUT013,2315.61911
DRH01,OUT035,2373.07765
FDH12,OUT027,2328.50234
FDA28,OUT019,250.94002
FDW37,OUT018,1972.0663100000006
FDF02,OUT046,2291.5837300000003
DRL37,OUT046,1988.7446
NCF43,OUT046,2247.00842
FDH08,OUT010,325.77593999999993
FDR34,OUT019,386.63006
NCK19,OUT049,3275.60284
NCD55,OUT018,1109.78873
FDT27,OUT049,2586.2335199999998
FDQ57,OUT045,2024.7643799999998
FDA47,OUT035,2100.36597
DRG15,OUT027,4246.00634
FDE05,OUT018,1670.1260100000004
FDN46,OUT046,1828.6862800000004
FDX27,OUT027,3805.84596
FDT51,OUT045,1753.7171999999998
FDU33,OUT013,1731.87896
FDJ16,OUT027,2094.3737699999997
FDD20,OUT019,375.17830000000004
FDT36,OUT049,1535.80086
DRF15,OUT027,4386.490139999999
FDN52,OUT010,205.76549
FDC22,OUT027,4512.72582
FDX15,OUT045,2811.6401100000003
FDT13,OUT013,2772.3912
FDU04,OUT017,1518.42348
FDU31,OUT019,310.16293
FDW59,OUT027,3177.23089
NCO29,OUT046,2584.83534
FDL15,OUT035,2804.7157899999997
FDI41,OUT049,2302.40298
FDQ48,OUT049,1908.8486
DRI39,OUT013,1600.2835900000002
FDI08,OUT013,2843.7316699999997
FDC21,OUT049,1983.3516200000001
FDF58,OUT035,2102.2635
FDS08,OUT010,272.4786499999999
FDE47,OUT045,2648.4858200000003
NCP18,OUT019,321.0820500000001
NCR41,OUT013,1843.20072
FDA27,OUT013,2689.09962
FDA43,OUT035,2605.2753999999995
FDA49,OUT045,1769.5632400000002
NCE55,OUT018,2271.6097299999997
DRM49,OUT027,2234.99073
FDF22,OUT027,5742.691449999999
FDQ15,OUT018,1583.00608
NCS54,OUT017,3256.02832
NCY05,OUT013,1366.6543700000002
FDR45,OUT046,2970.9327600000006
FDK57,OUT049,2485.56456
FDF41,OUT010,383.9335700000001
FDV21,OUT046,2119.3745599999997
FDD51,OUT046,1664.99935
FDF33,OUT046,2110.0533600000003
FDA38,OUT046,2637.4668300000003
FDR56,OUT045,3080.49015
NCN41,OUT017,2063.54723
FDC60,OUT027,3967.36904
FDB47,OUT045,3184.62127
DRH01,OUT013,3045.0030099999994
FDW08,OUT046,1728.6831200000001
FDF38,OUT027,3294.5781400000005
FDY32,OUT017,3152.96248
FDG34,OUT049,1749.52266
FDG47,OUT019,594.32637
NCF18,OUT035,2993.0373200000004
FDL39,OUT019,455.80668000000003
NCH55,OUT035,2796.9259300000003
DRJ35,OUT049,1765.4685699999998
FDS44,OUT035,2696.09052
DRE01,OUT018,2808.0114999999996
FDY39,OUT013,2627.74615
FDY32,OUT018,2358.7629500000003
FDR33,OUT027,3205.12791
NCP50,OUT049,2397.37935
FDZ47,OUT018,2177.9649600000002
FDU57,OUT049,2328.0695699999997
FDY44,OUT013,2483.5338699999998
DRH59,OUT018,1911.8447
FDB03,OUT027,4211.81751
FDY46,OUT045,2652.5471999999995
FDM39,OUT045,2685.1381100000003
FDY36,OUT035,1226.3703099999998
NCM55,OUT035,2717.4959900000003
FDJ50,OUT010,229.76758000000004
DRL60,OUT013,2653.8455099999996
NCJ54,OUT049,3600.7795600000004
FDX59,OUT017,1484.9670300000002
FDI07,OUT013,2627.74615
DRF51,OUT010,286.39387000000005
FDM14,OUT017,1856.9494900000002
FDP21,OUT045,3025.79468
FDE40,OUT035,2523.8480600000003
FDE05,OUT035,2099.8333300000004
FDM13,OUT027,3683.072440000001
FDC34,OUT027,3849.7887600000004
NCI55,OUT018,1676.38453
NCE43,OUT018,2066.1438499999995
FDW58,OUT018,2179.86249
FDG60,OUT045,2434.3645399999996
FDV31,OUT017,3033.7509899999995
FDR47,OUT013,2730.3126399999996
FDM60,OUT019,179.93245000000002
NCF06,OUT018,2335.12705
NCN26,OUT027,3222.4387100000004
FDQ59,OUT049,1709.00873
FDF09,OUT046,1924.8943799999997
NCS06,OUT017,4287.45239
FDT44,OUT046,1678.8479900000002
FDI19,OUT017,2889.9714799999997
FDT22,OUT017,1327.2722999999999
NCF54,OUT027,4184.51971
DRG25,OUT045,2435.29666
FDB59,OUT017,2483.96664
FDQ37,OUT017,2785.4741700000004
FDP56,OUT035,1853.42075
FDW44,OUT035,2415.12292
FDJ26,OUT010,426.54476999999997
FDU43,OUT018,2571.1531499999996
FDW33,OUT045,1664.7330299999999
NCX53,OUT027,3686.1351200000004
FDN56,OUT010,354.27218
DRF15,OUT049,2275.0386000000008
FDO33,OUT017,2195.708530000001
FDZ39,OUT010,409.33384
NCJ19,OUT017,1812.10786
FDU01,OUT035,2638.4322399999996
FDT12,OUT035,2470.2178700000004
NCM18,OUT018,1345.84812
FDP19,OUT017,2016.84136
NCR42,OUT049,1660.1722999999997
FDN10,OUT046,2198.43831
FDG44,OUT017,1229.6993100000002
FDQ10,OUT046,2733.07571
DRH13,OUT049,2283.2279399999998
FDT52,OUT013,2496.71671
FDM56,OUT045,2063.14775
NCO43,OUT010,279.00348999999994
NCV29,OUT035,2796.65961
NCF06,OUT013,3367.216919999999
FDO50,OUT035,1812.3741800000003
FDT59,OUT013,2996.26645
FDX40,OUT027,1423.18079
FDE50,OUT017,2979.85448
FDX51,OUT017,3290.2504400000007
NCD30,OUT018,1474.4141000000002
FDK15,OUT013,2294.24693
FDL12,OUT045,1148.0389400000001
FDK46,OUT017,4077.2593299999994
DRH49,OUT010,284.16344000000004
FDQ57,OUT046,2320.8123500000006
FDY59,OUT017,1214.01972
FDO09,OUT018,2531.3716
NCG30,OUT035,2576.71258
FDM09,OUT017,2767.93034
NCN17,OUT027,2832.84584
NCS42,OUT013,1736.3065300000003
FDD02,OUT019,349.34526000000005
FDE34,OUT013,2935.2791700000002
FDU38,OUT045,3105.2246200000004
FDB33,OUT046,2131.0260599999997
NCJ29,OUT017,1407.30146
FDZ27,OUT035,2785.07469
FDI40,OUT013,1609.80453
FDG22,OUT013,2116.3118799999997
FDT51,OUT017,1758.1780600000002
FDF20,OUT018,2545.85275
FDV50,OUT035,2672.28817
FDT02,OUT049,1553.4445600000001
DRC49,OUT017,2201.1015099999995
FDF26,OUT049,2270.2781299999997
FDV52,OUT035,2393.95048
FDX59,OUT049,1868.3679600000003
FDV25,OUT035,2693.42732
FDW23,OUT027,2260.7571900000003
FDE53,OUT018,1307.46475
FDA19,OUT017,2257.69451
FDH22,OUT046,2407.1666099999998
NCO41,OUT013,1661.4373200000002
FDX12,OUT017,3149.20071
FDF17,OUT013,2450.61006
FDS11,OUT045,2609.17033
FDR51,OUT035,2455.37053
FDT49,OUT010,238.78916999999996
FDC56,OUT013,1899.8935900000001
FDR13,OUT027,3382.3971600000004
FDQ60,OUT035,2100.36597
FDN38,OUT049,2522.58304
NCL29,OUT013,1703.5491699999998
FDO13,OUT027,4619.68659
FDE26,OUT018,1896.36485
FDA31,OUT010,298.01207999999997
FDX14,OUT035,2785.07469
FDA34,OUT045,2762.23775
FDF26,OUT013,2087.3828700000004
FDE38,OUT045,2647.28738
DRI11,OUT046,2347.31119
FDQ60,OUT027,3898.1924200000003
FDL21,OUT027,1879.6199800000002
DRC12,OUT027,3609.3350900000005
FDC47,OUT046,3054.75698
FDE57,OUT045,2302.10337
FDT14,OUT045,1751.5866400000002
NCZ53,OUT046,2810.90773
FDE28,OUT018,1784.97651
FDR19,OUT035,1889.0410500000003
NCF54,OUT019,353.10703
FDZ08,OUT046,2056.4231700000005
NCJ05,OUT018,2388.6906599999998
FDF59,OUT046,1798.4256699999999
NCO05,OUT035,1946.86578
FDW24,OUT018,1698.0896099999998
NCX42,OUT018,2295.94472
NCA53,OUT035,1434.03333
FDI45,OUT019,375.17830000000004
FDG46,OUT046,1961.4468000000002
FDM20,OUT010,403.90757
FDW11,OUT010,267.3187
FDX08,OUT035,2973.3629300000002
NCK17,OUT035,1719.0955999999999
FDK32,OUT018,1967.7719000000004
NCA42,OUT035,2707.8086000000003
DRI01,OUT035,2469.3190399999994
NCL55,OUT049,3466.4211200000004
DRE25,OUT018,1607.4076499999999
FDD14,OUT017,3038.64462
FDB10,OUT046,2959.5475800000004
DRN11,OUT035,2191.1478
FDP38,OUT018,1850.7575500000003
NCA30,OUT017,2983.58296
FDT15,OUT017,3328.9001300000004
NCP55,OUT018,1595.7561500000002
FDF12,OUT035,1392.38754
FDM21,OUT018,2825.6552
FDX56,OUT035,2790.9004400000003
FDF10,OUT017,2499.11359
FDT32,OUT045,3331.0972699999998
FDM51,OUT018,1621.98867
NCR50,OUT018,1812.9068199999997
FDI19,OUT049,3144.639980000001
FDX21,OUT017,1912.0111500000003
FDR31,OUT035,2214.15119
FDY02,OUT013,2715.39872
NCA29,OUT045,2984.5483700000004
NCX17,OUT046,2802.5186500000004
FDM12,OUT045,3167.4436299999998
FDI53,OUT027,4193.00866
NCU30,OUT049,2673.32016
FDC56,OUT027,3532.6016399999994
FDK27,OUT018,2016.8746500000002
NCK18,OUT017,2892.0687499999995
FDB52,OUT019,326.34187000000003
DRG25,OUT027,3609.8011500000007
FDZ13,OUT049,1314.9550000000004
FDB57,OUT019,310.16293
FDR40,OUT046,2235.85627
NCO14,OUT019,284.82924
NCN19,OUT045,2799.08978
FDQ28,OUT019,319.08465
FDO13,OUT018,2058.68689
FDK48,OUT013,1692.6633399999998
FDU07,OUT018,2115.3797600000003
FDW20,OUT046,2015.77608
FDV12,OUT010,234.62792000000005
FDH24,OUT013,2256.1298800000004
FDV59,OUT049,3173.56899
FDK57,OUT045,1889.5071099999998
FDL16,OUT027,2094.3737699999997
NCQ17,OUT046,2359.22901
FDJ15,OUT018,2152.46482
FDX24,OUT049,1646.32366
FDT47,OUT046,2377.9046999999996
FDT10,OUT049,1602.8802099999998
FDZ37,OUT018,1707.777
FDW43,OUT027,5456.663769999999
DRN36,OUT017,1545.6547000000003
FDJ14,OUT045,1482.57015
FDA32,OUT013,3472.979249999999
FDJ38,OUT019,427.27715
FDQ57,OUT017,2169.1764000000003
NCQ41,OUT019,393.85399
FDG56,OUT049,1604.41155
DRC13,OUT027,2938.97436
FDV55,OUT035,2537.3305100000002
FDQ49,OUT045,2505.23895
FDE29,OUT010,357.00195999999994
FDR03,OUT013,2601.64679
FDD45,OUT049,1696.55827
FDN38,OUT010,435.43319999999994
FDT56,OUT046,1953.05772
FDT48,OUT045,2975.29375
FDU03,OUT049,2370.11484
FDC56,OUT010,288.02508
NCO43,OUT027,2713.26816
FDQ27,OUT017,2073.43436
FDR03,OUT046,2345.58011
DRH23,OUT010,229.83416000000005
FDG22,OUT045,1170.37653
NCJ42,OUT013,2036.8153600000005
FDR24,OUT046,2084.22032
FDW60,OUT035,2470.2178700000004
FDJ08,OUT013,2786.00681
DRL59,OUT018,1736.1733700000004
FDG60,OUT010,353.77283
FDW27,OUT017,2217.74651
FDX14,OUT018,1353.1053399999998
FDC20,OUT013,1340.8213300000002
NCS29,OUT018,2692.7615200000005
FDJ56,OUT046,1888.6415699999998
FDB20,OUT019,375.1782999999999
FDL28,OUT027,5029.41991
FDW01,OUT018,1789.2376300000003
FDL03,OUT046,2250.70361
FDX22,OUT049,2842.23362
FDJ21,OUT035,2210.35613
FDR31,OUT045,2309.3273
FDG21,OUT035,2680.8104099999996
FDS22,OUT027,1830.35078
FDK08,OUT035,1806.0157900000002
FDE17,OUT018,1500.54675
NCN30,OUT017,1892.96927
FDT50,OUT046,2323.07607
NCX42,OUT049,2673.32016
FDJ12,OUT035,2470.2178700000004
NCA18,OUT027,2989.00923
FDP23,OUT019,503.74428
FDX12,OUT013,3073.4659600000005
FDN40,OUT018,1709.80769
FDV48,OUT035,2100.36597
NCY54,OUT013,2740.6325399999996
FDL16,OUT010,318.55201
FDR45,OUT018,2697.78831
FDJ52,OUT046,2304.73328
DRG01,OUT017,1152.5330900000001
FDP52,OUT013,2526.54455
FDU58,OUT017,2878.15353
FDL02,OUT045,2393.9504799999995
FDG28,OUT013,2496.71671
FDA19,OUT035,2431.1687
FDW46,OUT027,1859.14663
NCD43,OUT049,2065.8442399999994
DRG39,OUT013,1600.2835899999998
NCF55,OUT049,1684.30755
FDJ07,OUT046,2094.7732499999997
FDE08,OUT046,2111.6845700000003
FDP56,OUT019,375.1782999999999
FDT45,OUT045,1373.8783
FDF17,OUT018,2466.1232
FDX44,OUT046,2008.31912
FDM28,OUT027,3657.605589999999
FDI36,OUT049,2452.74062
FDS07,OUT045,1909.08163
FDD36,OUT045,1464.9597399999998
FDW11,OUT046,1812.74037
FDN40,OUT049,2236.58865
NCQ18,OUT049,2395.11563
NCQ54,OUT017,2850.85573
NCS42,OUT045,1385.69625
DRH39,OUT010,273.44406
FDC09,OUT027,3082.75387
FDT08,OUT010,314.82353
FDC08,OUT035,2790.9004400000003
FDT20,OUT017,1069.5744099999997
FDS35,OUT035,2131.25909
FDX58,OUT018,2465.32424
FDW58,OUT046,2461.7954999999997
DRD27,OUT046,2134.2218999999996
FDH32,OUT019,375.1782999999999
FDS26,OUT035,3187.7838199999997
FDQ31,OUT046,2299.77307
FDP11,OUT018,2926.1244199999996
FDD58,OUT017,1777.8524499999999
FDM33,OUT045,3336.59012
FDZ16,OUT049,2620.42235
NCS29,OUT010,765.67
NCM18,OUT019,259.89503
FDP11,OUT049,2803.21774
NCC42,OUT017,2296.3442000000005
DRM23,OUT046,2678.94617
NCN55,OUT027,3527.6414299999997
FDK46,OUT013,3198.70294
FDR01,OUT046,2247.97383
NCA05,OUT045,2326.50494
NCP43,OUT017,2643.19271
FDR12,OUT010,277.87163
FDQ01,OUT013,2223.27265
FDM13,OUT046,2591.65979
FDQ19,OUT017,3917.83352
FDK56,OUT019,375.17830000000004
NCX06,OUT010,412.72941999999995
FDO56,OUT027,3304.1323700000003
FDU45,OUT045,2172.60527
FDI16,OUT019,231.86485000000008
FDL32,OUT046,1953.0577199999996
FDA07,OUT046,2507.53596
FDA14,OUT045,2517.5562500000005
FDV46,OUT027,3848.4571600000004
NCO07,OUT035,2491.78979
NCP41,OUT046,1980.2223599999998
FDY60,OUT018,2077.4291599999997
FDN38,OUT017,3293.7126000000003
FDO15,OUT046,2173.47081
FDT60,OUT013,1692.6633399999998
FDA55,OUT035,2851.9543000000003
FDE02,OUT010,235.22714000000002
DRJ39,OUT049,2992.60455
FDV34,OUT035,1675.5522799999999
FDS20,OUT027,4286.12079
FDF02,OUT027,3477.34024
FDW40,OUT017,2300.10597
NCB43,OUT046,2883.5465099999997
FDR58,OUT017,1769.9294300000001
DRJ59,OUT035,1750.45478
NCD30,OUT017,1682.0771200000004
FDE14,OUT017,1668.6279600000003
FDC28,OUT018,1465.2593499999998
FDU16,OUT018,1296.0795700000003
NCD19,OUT035,2056.1568500000003
FDU21,OUT046,1393.1865
FDV59,OUT027,4710.168810000001
FDU03,OUT045,2709.3399400000008
FDC33,OUT010,359.23239
NCR42,OUT035,1794.0979700000003
DRH59,OUT035,1903.88839
NCM31,OUT035,2127.99667
FDS50,OUT035,3187.7838200000006
FDP39,OUT046,1374.57739
FDQ55,OUT013,1792.56663
FDV36,OUT019,291.58711000000005
FDI05,OUT027,2747.69002
FDS45,OUT027,2405.56869
FDA39,OUT045,1851.7229599999998
FDC37,OUT010,210.12648
FDJ60,OUT027,4050.7937800000013
DRQ35,OUT046,2412.8592
NCJ06,OUT046,2109.65388
NCY42,OUT018,2129.49472
DRM37,OUT049,2940.2060899999997
FDR14,OUT045,1114.71565
FDE51,OUT049,2273.24094
FDT33,OUT017,2525.97862
FDR08,OUT013,1829.21892
FDE36,OUT010,288.1582400000001
FDL22,OUT019,393.1549000000001
FDR44,OUT013,2278.1678600000005
FDI56,OUT019,375.1783
FDE47,OUT010,303.23861
FDV27,OUT010,411.56427
FDV10,OUT049,1538.3309
FDC40,OUT045,1551.38058
NCX41,OUT013,2297.57593
NCQ38,OUT027,2620.3557699999997
FDV12,OUT027,3897.7929400000007
FDE52,OUT017,1281.76487
FDG20,OUT027,4582.00231
FDV16,OUT027,2897.49502
FDI32,OUT017,1833.0805600000003
FDJ32,OUT049,1425.74412
FDN39,OUT018,1890.43923
FDY34,OUT017,2733.17558
FDC14,OUT035,2443.7856100000004
FDA55,OUT017,3848.35729
FDZ50,OUT010,455.44049000000007
DRG13,OUT049,2503.70761
FDP01,OUT013,2294.2136399999995
NCG54,OUT017,3129.5929000000006
FDM13,OUT045,2531.8709499999995
NCO18,OUT027,4197.36965
NCW41,OUT013,2207.127
FDM52,OUT027,2698.7870099999996
NCF55,OUT035,2162.08563
FDT09,OUT046,1630.11143
NCM19,OUT035,2013.57894
FDW12,OUT018,2061.25022
FDP15,OUT019,453.11019000000005
FDK36,OUT045,1182.3942200000001
FDZ25,OUT035,2613.7310599999996
NCW06,OUT049,3177.1976000000004
FDW60,OUT046,2750.7194100000006
DRC49,OUT013,2683.00755
NCT17,OUT035,2832.5462300000004
NCN06,OUT018,2071.66999
FDC45,OUT013,2812.7719700000002
DRJ47,OUT019,357.96736999999996
NCF06,OUT045,3970.66475
FDE21,OUT010,264.0895699999999
DRG27,OUT013,1607.5075199999999
FDW40,OUT049,2324.9403100000004
NCO53,OUT046,2821.7269800000004
FDE23,OUT049,1479.4408900000003
FDQ16,OUT046,1740.9338400000004
FDS26,OUT045,3787.56975
FDZ13,OUT010,180.59825
FDS14,OUT049,2490.92425
FDC10,OUT045,1847.5284199999999
FDY16,OUT049,2597.5521200000003
FDJ20,OUT035,2244.0788999999995
FDV43,OUT035,2130.9594800000004
FDZ32,OUT027,3130.29199
FDR23,OUT046,2909.44613
FDN24,OUT035,1180.29695
FDE34,OUT027,4907.811540000001
FDU31,OUT013,2814.56963
FDW33,OUT018,1707.91016
FDU26,OUT046,2390.95438
FDE20,OUT027,4574.24574
NCW05,OUT035,2209.4240100000006
FDB22,OUT018,2485.29824
FDO56,OUT046,2365.38766
FDA19,OUT027,3691.4615199999994
DRI39,OUT045,1276.93782
FDH52,OUT018,1433.30095
FDZ50,OUT035,2780.81357
NCN42,OUT035,2553.2098399999995
FDB53,OUT013,1998.6317299999998
DRG11,OUT017,1982.0533099999998
DRK11,OUT027,3350.1058600000006
FDQ60,OUT017,2507.90215
FDT36,OUT017,1094.50862
DRG25,OUT018,2215.31634
DRJ23,OUT046,2743.4621899999997
FDG05,OUT035,2972.36423
NCK06,OUT018,2010.9157400000004
FDU52,OUT017,1982.4195000000004
FDW07,OUT018,1451.17768
NCM17,OUT045,1084.8545199999999
FDA22,OUT045,2861.97459
NCA41,OUT018,2620.7552499999997
FDF38,OUT035,2443.78561
FDH52,OUT046,2235.8562699999998
FDY58,OUT019,498.08498
FDZ16,OUT045,3049.53045
NCM18,OUT017,1059.52083
FDA22,OUT018,2169.6757500000003
NCJ43,OUT035,2844.0978600000003
FDI34,OUT027,4536.69462
FDG56,OUT046,2079.69288
FDS34,OUT046,1783.9112300000002
DRC01,OUT035,1322.3786699999998
FDQ04,OUT035,1716.13279
FDK04,OUT035,1883.84781
FDT51,OUT049,2274.8388600000003
FDV26,OUT017,2747.0242200000002
FDS04,OUT049,2052.2286299999996
FDW43,OUT018,2490.25845
FDQ28,OUT010,312.65968000000004
NCK06,OUT017,2027.42758
FDS23,OUT018,2084.38677
FDZ36,OUT019,420.88547
FDE56,OUT018,1448.41461
FDW10,OUT027,4632.50324
NCN14,OUT045,2576.9789
NCQ18,OUT045,1677.58297
FDW08,OUT017,1873.32817
FDU43,OUT035,2790.9004400000003
FDR33,OUT010,348.04695000000004
FDM24,OUT010,292.18633
NCZ05,OUT046,1797.62671
NCV41,OUT035,1955.98724
FDV11,OUT018,2478.8399799999997
NCY05,OUT035,1653.28127
FDV44,OUT018,2106.75765
FDW32,OUT049,1781.1148699999999
NCU18,OUT027,3725.28416
NCC43,OUT035,3484.2312699999993
FDW19,OUT013,1887.7760300000002
FDN31,OUT035,2958.38243
FDI48,OUT045,1245.1458699999998
FDS24,OUT017,2013.6788099999999
FDF46,OUT049,2506.8035800000002
DRG23,OUT017,2513.7279000000003
FDG14,OUT018,1885.1461199999999
NCY30,OUT049,2736.7376099999997
FDO28,OUT018,1626.2830800000002
DRD24,OUT035,2242.6474300000004
FDI33,OUT049,2151.03335
FDN32,OUT046,2344.84773
FDR16,OUT045,3307.6943999999994
FDF26,OUT046,2210.62245
NCN29,OUT018,1502.2778299999998
FDE20,OUT045,2519.1541700000002
FDA46,OUT046,3057.85295
FDU28,OUT045,3235.1554899999996
FDQ48,OUT045,1612.5675999999999
FDV36,OUT013,2256.12988
FDR14,OUT018,1353.1053399999998
FDP23,OUT017,3050.8620500000006
FDP56,OUT013,1554.21023
FDK48,OUT010,196.11139
FDR48,OUT046,1869.0337600000003
NCY29,OUT049,1783.5117499999997
FDM22,OUT018,1580.10985
DRJ01,OUT013,2620.62209
FDZ43,OUT045,3964.839000000001
FDV03,OUT035,2860.70957
FDX11,OUT027,4029.3550200000004
NCA41,OUT027,3960.8441999999995
FDE38,OUT017,2844.2976
FDI27,OUT018,2152.46482
FDN32,OUT013,2924.62637
NCN43,OUT017,1965.4416000000006
FDB47,OUT027,5396.9748
FDV03,OUT017,2600.54822
NCN30,OUT045,2141.9118900000003
NCV54,OUT010,287.99179
FDV07,OUT013,1691.2984500000002
FDP07,OUT049,3035.8149700000004
FDK48,OUT018,1698.0896099999998
FDM15,OUT019,426.4449000000001
FDY19,OUT027,3379.86712
FDK46,OUT046,2959.0149400000005
FDY11,OUT045,1453.5412700000002
FDH09,OUT046,1162.8196999999998
FDO08,OUT027,4507.432709999999
FDU14,OUT013,3000.6274399999998
FDD22,OUT027,3321.8759400000004
FDM27,OUT017,2192.8123000000005
FDL02,OUT027,3514.02582
NCA17,OUT035,2305.5655300000008
FDE38,OUT019,416.52448000000004
NCG07,OUT049,3394.9142
DRC27,OUT013,3234.6228499999997
FDA27,OUT035,2919.1002299999996
FDW40,OUT045,2445.64985
DRI11,OUT013,1740.2347500000003
FDN50,OUT046,2024.6312200000004
FDR12,OUT046,3237.91856
FDT34,OUT027,3594.55433
FDW11,OUT035,2200.469
NCO30,OUT027,4197.36965
FDZ34,OUT017,2673.2868700000004
FDU45,OUT017,1989.3438200000005
NCD42,OUT035,1639.79882
FDX25,OUT045,2713.03513
NCR29,OUT046,1438.62735
FDX43,OUT019,375.1782999999999
FDB04,OUT010,266.18683999999996
FDR49,OUT027,3477.34024
FDS39,OUT018,2171.1738
FDW58,OUT045,1611.83522
FDG22,OUT019,297.41286
FDG31,OUT017,2003.1924599999998
NCV53,OUT027,3960.8441999999995
DRJ37,OUT035,2283.6939999999995
FDV07,OUT035,2286.55694
FDW52,OUT018,1807.7468699999997
FDT15,OUT045,3011.4134
FDD02,OUT018,1693.9283599999999
FDM16,OUT035,2025.56334
NCE55,OUT046,2886.1098399999996
FDB57,OUT018,2213.0859100000002
FDQ04,OUT013,1584.03807
FDQ47,OUT019,215.18656000000001
FDY14,OUT019,330.43654000000004
DRK37,OUT017,2619.5901000000003
FDO25,OUT017,3012.61184
FDL57,OUT046,2573.41687
NCK29,OUT018,1539.4294699999998
FDK46,OUT027,5816.82828
NCB43,OUT010,435.99913
DRE01,OUT027,3609.3350900000005
FDC46,OUT018,2757.0778
FDQ23,OUT045,2044.4054800000006
FDX38,OUT049,2235.39021
FDG60,OUT018,1871.1310299999998
FDW55,OUT017,3689.7970200000004
FDP39,OUT013,1579.31089
FDB20,OUT018,1407.9672600000001
FDV21,OUT017,1961.5133800000003
FDZ02,OUT013,2410.36245
FDP19,OUT027,3480.3696299999997
FDA38,OUT035,3260.8553699999998
FDH22,OUT045,2313.5551299999997
DRM11,OUT045,3003.32393
FDO12,OUT027,2505.3055300000005
FDT14,OUT049,2363.72316
FDW34,OUT010,381.40353000000005
FDG04,OUT027,3657.60559
FDW59,OUT018,1812.8069499999997
FDR33,OUT018,1999.36411
FDP32,OUT013,2033.9191299999998
FDL13,OUT027,5932.044970000001
FDD22,OUT013,2512.5627499999996
FDV40,OUT027,2019.8041699999999
NCD55,OUT046,1228.70061
FDQ20,OUT010,256.76577000000003
FDD28,OUT045,952.8929599999999
FDC39,OUT045,3091.9419100000005
NCR17,OUT049,1961.1804799999998
DRO35,OUT018,2166.71294
FDF40,OUT049,2532.4701700000005
FDR31,OUT018,1979.6897199999999
NCQ41,OUT017,2876.05626
FDP38,OUT046,1655.4451199999999
NCU54,OUT027,5105.25453
FDG22,OUT018,1687.5699699999998
DRK59,OUT013,2842.6996799999997
FDC37,OUT046,1613.3998499999998
NCO42,OUT013,2327.9364099999993
NCT42,OUT017,2378.4040499999996
FDX27,OUT035,2744.79379
FDV40,OUT018,1514.3953900000001
FDT45,OUT027,1664.96606
FDS47,OUT019,351.54239999999993
FDR45,OUT035,3731.87558
FDB03,OUT045,3464.29056
FDO49,OUT035,1361.3945499999998
FDU60,OUT027,3969.5661799999993
FDB26,OUT018,1548.91712
FDB46,OUT017,3341.3505899999996
FDQ37,OUT019,469.28912999999994
FDN03,OUT017,3406.3326700000007
NCX30,OUT045,3036.4474800000007
FDK32,OUT019,310.16293
DRM47,OUT013,2400.8415099999997
NCO02,OUT046,1767.86545
FDP04,OUT013,1403.90588
NCO43,OUT049,2446.6485499999994
FDD59,OUT013,1855.8842099999997
FDQ10,OUT017,2986.1462899999997
FDW45,OUT035,2698.9867499999996
NCK30,OUT049,3670.4555299999993
FDU31,OUT018,2581.4064700000004
NCQ17,OUT019,421.98404
FDN01,OUT017,2449.8443899999997
FDZ19,OUT049,2504.83947
DRG37,OUT017,2851.4216600000004
FDE32,OUT045,1517.3249099999998
FDO34,OUT049,2285.4250799999995
FDM04,OUT019,239.55483999999996
FDZ25,OUT049,2376.63968
FDU08,OUT049,1720.6269399999996
NCW30,OUT045,3970.66475
NCM18,OUT013,1811.40877
FDS22,OUT035,1672.8224999999998
NCH18,OUT017,4249.768109999999
FDC23,OUT013,2563.62961
FDY46,OUT013,3220.94066
NCU06,OUT046,3037.5127600000005
FDX57,OUT045,1665.76502
FDX36,OUT027,4157.654680000001
FDL16,OUT045,1405.5703799999997
FDT16,OUT010,551.2824
FDN16,OUT018,1379.3045699999998
FDC03,OUT046,3147.7359500000002
DRF60,OUT013,3708.1398100000006
FDS27,OUT027,4325.070089999999
FDP33,OUT010,449.24854999999997
FDJ36,OUT018,1532.3054099999997
NCR42,OUT013,1542.2258299999999
FDV14,OUT017,1657.87529
NCP42,OUT035,3437.0260499999995
FDB50,OUT027,3477.34024
NCC30,OUT027,4104.42397
FDA23,OUT018,1698.0896100000002
FDW16,OUT017,1812.3741799999996
FDQ52,OUT010,383.93357000000003
FDB58,OUT049,2325.00689
NCP29,OUT049,2071.03748
NCM05,OUT045,3094.67169
FDO25,OUT013,3788.56845
NCM54,OUT046,2195.7085299999994
NCL54,OUT046,2434.3978299999994
FDL39,OUT010,437.79679000000004
FDF53,OUT018,1805.84934
NCQ42,OUT035,2227.7002199999997
FDF58,OUT013,1831.9487000000001
FDZ04,OUT035,1576.6809799999999
FDE26,OUT019,355.27088
FDS60,OUT017,1918.4361200000008
FDV58,OUT017,2596.5867100000005
FDM04,OUT045,1338.15813
FDE08,OUT035,2537.3305100000002
NCB43,OUT049,2797.2921199999996
FDU11,OUT010,313.49192999999997
FDF22,OUT019,398.51459000000006
FDE24,OUT013,1946.9656499999996
DRJ49,OUT046,2151.06664
NCQ53,OUT035,3046.16816
NCL41,OUT013,1401.60887
FDR22,OUT013,2186.4872
FDH04,OUT035,2314.45396
DRH15,OUT045,1188.1200999999999
FDY40,OUT049,1687.8029999999999
NCI17,OUT035,2006.8543600000005
NCC18,OUT013,2668.9258800000002
FDY28,OUT027,5029.419910000001
FDB45,OUT027,3162.35026
NCL30,OUT018,1647.22249
FDM10,OUT017,3273.10609
FDH22,OUT027,3903.2524999999996
NCZ53,OUT017,2632.6730700000003
NCI18,OUT013,3308.5599400000006
FDH14,OUT027,3872.3593799999994
FDR36,OUT027,3818.5294499999995
FDW01,OUT045,3006.91925
FDK02,OUT027,3477.34024
FDJ02,OUT018,1796.8943300000003
FDU55,OUT013,3511.19617
NCV18,OUT027,2431.0022499999995
FDH14,OUT018,1796.8943300000003
FDZ37,OUT045,1720.7601
FDX49,OUT049,2447.08132
NCD43,OUT046,1607.44094
FDZ07,OUT013,1779.6834000000003
FDK43,OUT035,2149.0692400000003
FDR32,OUT018,2449.31175
FDT39,OUT013,2548.71569
NCV54,OUT017,1968.0382199999997
FDF38,OUT018,1605.5434099999998
FDV60,OUT046,2962.84329
FDH44,OUT027,3836.2730199999996
FDS21,OUT046,1573.78475
NCL41,OUT045,1007.1889500000001
FDM46,OUT017,1789.7369800000001
FDU27,OUT045,1299.50844
NCJ54,OUT017,4165.244799999999
DRG51,OUT018,2216.18188
NCA29,OUT019,358.46672
FDR47,OUT045,2898.29398
NCL19,OUT027,2922.16291
DRG01,OUT049,2202.6994299999997
FDG10,OUT046,1589.16473
NCV05,OUT049,2398.04515
NCH18,OUT019,452.3112300000001
FDV14,OUT018,1790.7023900000004
DRJ23,OUT035,2144.9079899999992
DRJ11,OUT046,3047.83266
FDZ03,OUT017,3706.37544
FDI27,OUT010,263.35719
FDJ14,OUT018,1568.6248
FDU32,OUT017,1983.35162
FDD47,OUT027,4910.37487
DRF36,OUT035,2433.93177
FDM21,OUT046,2903.08774
FDV10,OUT018,1733.24385
FDH60,OUT018,2470.4176099999995
FDX47,OUT010,372.51509999999996
FDT19,OUT019,371.98246
FDO11,OUT045,2702.94826
FDH24,OUT027,2574.2824100000003
FDL02,OUT018,1522.05209
FDB02,OUT049,2414.8566
FDA43,OUT046,2964.24147
FDG52,OUT045,759.012
DRC12,OUT013,2987.24486
FDY37,OUT018,1796.8943300000003
NCU18,OUT045,2460.4306100000003
FDU09,OUT035,1665.63186
DRJ25,OUT027,2369.54891
DRE12,OUT018,1711.17258
DRL47,OUT017,2099.66688
DRK01,OUT046,1900.6592600000004
FDC22,OUT019,326.80793000000006
FDG44,OUT013,1688.2690599999999
FDW04,OUT035,2389.75594
FDK09,OUT049,2979.02223
NCN43,OUT035,2204.23077
FDG04,OUT049,2642.8931000000002
FDH32,OUT010,270.11506
DRI47,OUT017,2382.0992400000005
DRE15,OUT013,1600.2835900000002
FDY11,OUT035,2100.36597
FDO60,OUT049,1553.8773299999998
FDQ20,OUT018,1107.1921100000002
FDO57,OUT027,4564.02571
FDT14,OUT019,289.25681000000003
FDA57,OUT049,2123.6356800000003
DRN35,OUT017,1358.8978
FDJ03,OUT046,2249.4385899999997
FDX28,OUT017,1640.5977799999996
DRE25,OUT045,1307.6312000000003
FDR09,OUT046,3001.9923299999996
FDB23,OUT035,3898.3255800000006
FDO08,OUT045,2510.23245
FDQ23,OUT049,2107.2569999999996
FDW04,OUT013,1602.3808599999998
DRK13,OUT010,359.56529
NCL17,OUT027,3274.00492
FDY21,OUT035,3263.71831
FDJ38,OUT027,4307.726000000001
FDA37,OUT019,272.6451
FDV43,OUT013,1270.0467899999999
FDL36,OUT046,1504.8744499999998
FDD53,OUT045,865.1405199999999
FDZ19,OUT010,310.59569999999997
FDV21,OUT045,2324.8737300000003
NCL54,OUT018,2068.7404699999997
DRI47,OUT027,3642.2256100000013
DRG03,OUT049,2255.86356
FDG21,OUT013,3149.1008399999996
FDW03,OUT018,1725.35412
NCI55,OUT046,2098.00238
DRC36,OUT019,486.23373999999995
FDH22,OUT017,2335.42666
FDV20,OUT045,2352.47114
NCU41,OUT027,3960.8441999999995
FDN46,OUT027,2652.01456
FDK50,OUT045,2795.8606499999996
NCA05,OUT027,3562.09658
DRH01,OUT018,2027.82706
FDT08,OUT018,2289.48646
FDM08,OUT018,2628.2455
FDZ07,OUT035,1710.5400699999998
FDS22,OUT017,1061.6181000000001
FDV35,OUT027,3914.87071
FDI28,OUT010,304.86982
FDW58,OUT027,3112.34868
FDT52,OUT045,3901.6545799999994
FDY34,OUT046,2435.7627199999997
FDR10,OUT046,2635.13653
FDK57,OUT017,2054.15945
FDR02,OUT027,4288.484379999999
FDX49,OUT046,2481.4366
FDQ20,OUT046,1736.33982
DRK23,OUT045,2965.24017
NCW06,OUT046,2780.2476400000005
FDR31,OUT017,2448.7791100000004
NCE43,OUT013,2748.2226599999995
DRO59,OUT027,3149.2672900000002
FDN09,OUT049,3545.45158
FDR11,OUT046,2884.31218
FDO57,OUT013,3111.0836600000002
NCX18,OUT017,3256.96044
FDB05,OUT018,2580.8738299999995
FDQ08,OUT018,1423.0143400000002
NCG43,OUT035,2494.55286
FDJ56,OUT013,1769.0638900000001
FDA13,OUT010,242.08488000000003
FDO56,OUT017,1966.2405600000002
FDB37,OUT018,2564.3286999999996
FDZ02,OUT018,2152.46482
FDQ24,OUT046,2152.89759
FDM16,OUT013,1555.07577
FDU35,OUT049,2320.07997
FDT35,OUT035,3104.19263
NCX30,OUT049,3252.3997099999997
FDG04,OUT017,3107.92111
FDI12,OUT035,2100.36597
FDE35,OUT035,1415.22448
NCP14,OUT027,3077.3275999999996
NCY53,OUT045,1740.0350099999996
FDP49,OUT017,1780.7486800000001
FDQ04,OUT017,1314.42236
FDM39,OUT035,3260.8553699999998
FDO58,OUT019,445.08729999999997
FDC56,OUT017,2259.7917800000005
NCQ54,OUT046,2500.6782199999993
FDV10,OUT027,1830.35078
NCK17,OUT046,1471.6177399999997
NCF55,OUT027,1754.6826099999998
FDV33,OUT013,3167.61008
NCH29,OUT019,347.44773
FDA37,OUT027,3476.4747
FDH46,OUT018,1738.2373499999999
FDS25,OUT035,2829.51684
FDH04,OUT027,3076.89483
FDX52,OUT046,3098.2337199999997
NCD42,OUT017,956.7546
FDW47,OUT017,2298.9408200000007
FDL25,OUT027,2641.59479
NCJ06,OUT010,330.20350999999994
FDY09,OUT013,3305.7302900000004
FDS40,OUT046,1369.61718
FDH41,OUT017,3353.03538
FDG38,OUT035,2555.97291
FDU03,OUT027,4388.054770000001
FDV20,OUT046,1979.3235300000001
DRB13,OUT045,1756.0475
NCQ30,OUT013,2082.35608
NCH06,OUT013,3517.92075
FDU50,OUT018,2152.4648199999997
NCO42,OUT019,321.08205000000004
FDW09,OUT018,1653.81391
FDH04,OUT013,1602.3808599999998
FDC21,OUT045,1801.6547999999998
FDL21,OUT049,1420.25127
FDM46,OUT010,346.11613
FDT22,OUT019,377.8747900000001
FDB28,OUT035,3260.8553699999998
FDI12,OUT018,1564.36368
FDA28,OUT045,2498.9471399999998
FDF59,OUT013,2115.5795
FDM45,OUT027,3251.4343
FDQ56,OUT017,1468.15558
FDR46,OUT049,2447.0813200000002
FDT01,OUT013,2357.29819
FDD16,OUT027,2019.80417
NCU30,OUT010,361.22979
FDM40,OUT010,359.46542
FDI56,OUT035,2086.78365
NCS30,OUT013,2380.13513
FDU08,OUT017,1504.87445
FDX51,OUT027,4359.92472
FDA43,OUT045,2840.6357000000003
FDX59,OUT010,216.18526000000003
FDC37,OUT018,1469.95324
FDP58,OUT013,3295.57684
NCY42,OUT035,2513.16197
FDF21,OUT018,2459.1655899999996
FDU10,OUT027,1830.35078
DRL47,OUT018,2277.33561
FDA58,OUT018,2660.96957
FDJ22,OUT049,2628.84472
FDK50,OUT046,2629.14433
FDO38,OUT035,1812.37418
DRF60,OUT035,2490.4914799999997
NCZ42,OUT019,447.21786000000003
FDD35,OUT049,2022.00131
FDL25,OUT045,1949.4291100000003
FDJ16,OUT013,1323.5771100000002
DRK59,OUT049,2296.7436800000005
FDI50,OUT046,2729.2806499999997
NCB19,OUT045,1429.37273
DRI37,OUT035,2005.9222399999999
FDA14,OUT027,4367.048779999999
FDC08,OUT018,2571.1531499999996
FDS45,OUT046,1913.0764299999998
FDI21,OUT049,1674.5202899999997
DRJ47,OUT035,2194.37693
DRE37,OUT027,3609.3350900000005
FDT55,OUT018,2155.29447
NCG42,OUT027,3189.8478000000005
FDA31,OUT049,2504.8394700000003
NCW42,OUT046,2884.9114
FDF50,OUT017,2746.29184
FDK56,OUT049,2578.94301
FDX10,OUT035,1665.63186
NCK07,OUT027,3119.53932
FDZ49,OUT017,3354.89962
FDR33,OUT013,2380.16842
FDO44,OUT018,1442.2226699999999
FDA20,OUT046,3067.6735
NCL30,OUT045,2093.77455
FDI05,OUT019,240.08748
FDQ12,OUT018,1867.5024200000003
FDH47,OUT017,1907.1841
FDH34,OUT018,2481.83608
FDF29,OUT046,2280.8643500000007
FDG40,OUT018,1254.1008800000002
NCE18,OUT017,4333.2927199999995
FDP21,OUT010,330.07035
FDY50,OUT013,2061.1503500000003
FDB36,OUT049,2081.98989
NCZ29,OUT049,2174.76912
FDU20,OUT018,1604.6445800000001
FDO56,OUT013,1983.65123
FDW31,OUT049,3523.4801799999996
DRH59,OUT013,1772.6592100000003
NCB30,OUT017,3397.9768799999993
FDK43,OUT027,3932.0150599999993
FDW43,OUT045,3812.0711899999997
NCL19,OUT017,2353.80274
FDJ27,OUT046,2070.43826
FDC45,OUT046,2818.3979799999997
FDY40,OUT035,2165.91398
NCM41,OUT035,1955.3547300000002
NCK18,OUT019,346.11613000000006
FDP37,OUT049,1894.4340299999997
FDA27,OUT027,4211.81751
NCX30,OUT035,3608.6692900000003
FDR09,OUT017,3537.6950100000004
FDG08,OUT027,4368.047479999999
NCU30,OUT013,2523.21555
FDB16,OUT017,1502.7771800000003
FDM16,OUT017,1404.90458
FDC48,OUT013,1692.6633400000003
NCF18,OUT046,2768.96233
FDU46,OUT018,1443.52098
FDH41,OUT018,2579.4756500000003
NCN42,OUT010,333.46592999999996
FDU49,OUT046,2024.6312200000004
FDB20,OUT027,2195.8416899999997
FDG50,OUT019,333.09974
FDW20,OUT045,2070.9043199999996
NCO55,OUT049,2671.45592
FDX48,OUT046,2818.6975900000007
FDU48,OUT046,2002.7929799999997
FDR48,OUT019,263.82325
FDK27,OUT013,2189.8162
FDT35,OUT013,2466.5892599999997
FDN12,OUT049,1762.60563
NCE31,OUT019,248.47656
FDL21,OUT017,977.1280800000001
FDV56,OUT017,1806.6150100000002
FDR16,OUT017,3385.0936500000003
NCP41,OUT049,1842.7679500000002
FDJ27,OUT013,2542.82336
FDA07,OUT017,1817.9003200000002
FDK55,OUT049,1542.69189
FDM33,OUT049,2916.204
FDY46,OUT046,2705.4450099999995
FDD36,OUT046,1569.1907299999998
FDB12,OUT027,3983.6811400000006
FDF28,OUT019,263.49035
NCE07,OUT019,321.08205000000004
FDW50,OUT027,4476.23998
NCW18,OUT017,3324.93862
NCJ17,OUT019,332.73355000000004
DRZ24,OUT010,324.87711
FDS07,OUT035,2326.37178
NCW05,OUT010,263.09087
FDZ22,OUT018,1697.75671
FDK02,OUT046,2125.16702
FDZ45,OUT027,5073.32942
FDL25,OUT046,1483.56885
FDS08,OUT045,2534.3011200000005
NCZ42,OUT027,5873.387989999999
FDX57,OUT035,1820.4303600000003
FDF21,OUT046,2935.4789099999994
FDJ56,OUT018,1434.4661
FDX10,OUT013,1731.8789599999996
DRG48,OUT035,2046.2697200000002
DRN37,OUT046,2195.67524
NCY41,OUT018,1502.2778299999998
FDN28,OUT045,1363.62498
FDE34,OUT045,2448.74582
FDR10,OUT045,2549.74768
FDC32,OUT017,1919.1019199999998
DRG13,OUT046,1980.18907
FDP59,OUT049,1871.92999
NCT53,OUT010,431.70472000000007
FDL57,OUT027,4536.69462
FDN32,OUT010,298.31169
FDK09,OUT018,2585.0350799999997
FDA52,OUT010,355.90338999999994
FDC57,OUT049,2778.0505000000003
FDI09,OUT035,4267.944450000001
NCB07,OUT046,2877.45444
FDP26,OUT035,3260.8553699999998
FDP40,OUT027,3265.7490000000003
FDL15,OUT013,2544.0550900000003
FDV07,OUT046,2118.5090200000004
FDS03,OUT017,1983.15188
FDE50,OUT049,2063.81355
FDQ15,OUT017,1341.02107
FDQ33,OUT010,345.61677999999995
FDT22,OUT013,1755.78118
DRO35,OUT035,1928.0236400000001
FDJ41,OUT049,3700.74943
FDQ27,OUT035,2280.09868
FDC26,OUT017,1734.9749299999999
NCF43,OUT027,3510.36392
NCR50,OUT035,2553.8756400000007
FDE39,OUT018,1849.9253
FDN49,OUT027,1909.9804600000002
DRG11,OUT035,2162.81801
NCA18,OUT049,2173.57068
FDM36,OUT018,2485.36482
FDW32,OUT017,1429.8055
NCQ18,OUT010,337.59389
FDX14,OUT027,4315.4159899999995
FDD46,OUT017,2085.11915
FDI34,OUT019,396.98325
NCJ17,OUT035,2006.8543600000005
FDB52,OUT035,3149.50032
FDV55,OUT018,2125.13373
FDC57,OUT046,2569.0225899999996
FDB29,OUT046,2280.8643500000003
NCO43,OUT035,2114.88041
FDG44,OUT045,1208.2272600000001
FDJ34,OUT045,2087.6824800000004
FDH40,OUT049,1707.67713
NCD07,OUT027,2943.4352200000003
FDB41,OUT017,1644.79232
FDH47,OUT018,1569.25731
DRK37,OUT035,2378.67037
FDM25,OUT019,476.77937999999995
NCX06,OUT045,2962.87658
NCS05,OUT017,2026.76178
FDS39,OUT045,2086.31759
FDC47,OUT027,5822.02152
FDG20,OUT013,2476.04362
DRL23,OUT017,1952.6582399999995
FDY33,OUT013,2687.26867
NCH18,OUT045,4097.89913
FDX47,OUT035,2599.21662
NCB06,OUT045,2402.2064000000005
FDP36,OUT049,1908.8486
FDW44,OUT018,2145.8733999999995
NCU41,OUT018,2550.74638
NCS17,OUT046,1788.9713100000001
FDD46,OUT035,2648.81872
FDE45,OUT017,2830.28251
FDI09,OUT017,3799.2212499999996
NCJ54,OUT010,431.57156000000003
NCA29,OUT018,2130.56
NCN41,OUT027,3052.0937799999997
FDY34,OUT035,2385.02876
NCG55,OUT035,2646.2221000000004
DRM49,OUT046,1387.12772
NCB42,OUT049,1933.6829400000001
FDE58,OUT045,1831.01658
DRJ25,OUT013,2168.77692
FDS47,OUT010,315.08985
FDY21,OUT049,2762.7038099999995
NCI54,OUT013,1931.0530299999998
FDO24,OUT017,2038.3134100000007
FDY43,OUT035,3028.3913000000002
FDF35,OUT018,1524.2492300000001
NCP29,OUT019,393.58767000000006
FDN28,OUT027,3074.0984700000004
FDJ50,OUT018,1850.7575500000003
FDQ14,OUT027,4367.048779999999
FDC37,OUT035,1294.4150700000002
FDN08,OUT046,2397.57909
FDD04,OUT035,2617.19322
FDW34,OUT018,2721.42421
FDP04,OUT017,983.0537
NCG07,OUT017,3083.15335
NCN14,OUT018,2188.2848599999998
FDJ16,OUT045,1126.4337300000002
NCM42,OUT045,1755.11538
NCF19,OUT046,1235.3919
FDY21,OUT018,2590.32819
FDY19,OUT035,2537.3305100000002
FDV09,OUT045,2550.2803200000008
FDA28,OUT013,2100.89861
FDC38,OUT018,1681.24487
FDL28,OUT045,3465.3225499999994
NCH43,OUT049,3521.7491
NCN53,OUT045,1231.8631599999999
NCW05,OUT017,1701.6849300000001
NCO30,OUT018,2367.15203
FDT04,OUT019,277.90492
FDB27,OUT018,2308.2620199999997
NCK07,OUT013,2132.39095
NCA53,OUT013,1466.4577900000002
FDB33,OUT018,2264.8518599999998
FDU37,OUT017,1800.1900400000002
FDR13,OUT035,2650.8161200000004
FDE45,OUT049,2804.31631
FDV37,OUT017,3040.2758299999996
FDX44,OUT019,375.17830000000004
NCL06,OUT017,3468.71813
FDJ28,OUT045,3031.6204300000004
FDX55,OUT049,3271.6746200000007
NCK17,OUT018,1305.1677399999999
FDH52,OUT035,1863.8405199999997
FDN13,OUT027,3257.82598
FDK44,OUT018,2403.1385199999995
FDU16,OUT046,2094.5069300000005
FDZ07,OUT017,1239.81947
NCN06,OUT027,4324.5041599999995
FDH02,OUT010,201.17147
NCW18,OUT045,3184.35495
FDH57,OUT013,1957.71832
FDV35,OUT045,2528.2423400000002
NCU29,OUT013,1714.36842
NCP02,OUT046,1501.5121599999998
FDN44,OUT013,2547.6504099999997
FDX03,OUT018,1525.6141199999997
FDR11,OUT010,375.94397
FDA36,OUT046,1855.81763
FDP58,OUT027,5332.29233
FDH31,OUT045,1461.9969299999998
FDH34,OUT035,2837.93921
FDS13,OUT035,2938.5083000000004
FDT01,OUT018,2170.7077400000003
FDY09,OUT049,2458.4664999999995
FDV33,OUT027,4521.2147700000005
NCW29,OUT010,282.79855000000003
NCN17,OUT045,1909.94717
FDX01,OUT046,2105.9254
FDL03,OUT049,2614.82963
DRL59,OUT049,1767.1996499999998
DRM11,OUT027,4782.74101
FDA43,OUT049,3009.34942
FDZ56,OUT010,329.87061
FDI44,OUT018,1294.28191
FDB50,OUT013,2391.5203100000003
FDU15,OUT019,307.96579
NCJ19,OUT019,285.22872000000007
FDD48,OUT013,1692.6633400000003
NCW42,OUT035,3282.9932199999994
FDL24,OUT017,2816.3007100000004
NCB30,OUT013,3407.59769
FDK25,OUT013,2325.8724300000003
FDW28,OUT049,2483.70032
FDD47,OUT017,2052.96101
FDK16,OUT019,280.36838
FDW37,OUT046,2291.5837300000003
FDA48,OUT035,1385.49651
FDA14,OUT017,2360.89351
FDV15,OUT013,2374.47583
FDN22,OUT049,3011.8128800000004
NCD55,OUT045,1042.67609
FDY43,OUT013,2512.86236
NCU05,OUT017,1177.53388
FDF10,OUT035,2163.4505200000003
FDR39,OUT018,2433.9317699999997
FDG40,OUT013,1231.3971
FDZ28,OUT019,245.87993999999995
FDE02,OUT045,1713.13669
FDU60,OUT049,2095.53892
FDM21,OUT013,3311.48946
FDV52,OUT019,243.08358000000004
NCW06,OUT013,3172.50371
FDX36,OUT035,2470.2178700000004
FDT35,OUT027,4055.25464
NCL19,OUT010,546.48864
NCD31,OUT046,2289.0204
FDE53,OUT019,308.96448999999996
FDW58,OUT019,401.8103
DRF48,OUT046,2195.6752399999996
FDW57,OUT035,2418.98456
DRH13,OUT017,1865.6381800000004
FDT33,OUT013,2397.37935
DRK47,OUT027,4135.98289
FDY22,OUT010,335.39675
FDC35,OUT019,432.63683999999995
FDO03,OUT013,2627.74615
FDF24,OUT045,1299.3087
FDF56,OUT018,2547.71699
FDD28,OUT013,1334.09675
FDG53,OUT027,2698.78701
FDO27,OUT019,360.86359999999996
NCF54,OUT018,1945.0015400000004
FDC20,OUT027,2083.1217500000002
FDU10,OUT046,1304.3687799999998
DRA24,OUT018,2128.8622100000002
FDA02,OUT010,292.31949
FDG10,OUT017,1289.18854
FDW39,OUT010,536.1687400000001
FDP04,OUT019,283.33119
NCM55,OUT013,2639.43094
FDG47,OUT045,2729.61355
NCU41,OUT017,2738.2689500000006
NCK31,OUT017,2029.19195
FDZ46,OUT045,1723.8560700000003
FDU13,OUT027,3744.32604
NCF19,OUT045,1033.18844
NCJ43,OUT013,2457.4678000000004
NCJ05,OUT045,2357.53122
FDS04,OUT027,3960.8442000000005
FDX28,OUT010,349.44513000000006
FDB41,OUT027,2897.49502
FDG53,OUT046,2491.9562400000004
FDL15,OUT010,298.01207999999997
FDQ08,OUT049,1177.4340099999997
DRN36,OUT013,2503.77419
FDI46,OUT013,3167.94298
FDG16,OUT027,3657.60559
FDV32,OUT013,1688.2690599999999
FDF44,OUT010,352.94058
FDK04,OUT018,1465.25935
NCA41,OUT013,2197.87238
FDD51,OUT017,1064.08156
NCZ53,OUT045,2659.00546
FDP01,OUT027,4034.3818100000003
FDY25,OUT049,2311.6908900000008
FDB17,OUT018,2460.19758
NCV54,OUT018,2000.76229
FDJ32,OUT017,1244.44678
FDA37,OUT049,2270.27813
FDG35,OUT035,2975.52678
NCM05,OUT018,2491.4236000000005
FDG45,OUT046,3039.51016
FDH28,OUT013,1604.37826
NCE18,OUT049,3321.90923
FDH38,OUT045,2077.02968
FDR56,OUT013,2938.30856
FDH17,OUT027,3182.95677
FDD39,OUT049,2930.08593
FDB41,OUT049,1932.18489
NCR53,OUT046,2968.93536
FDX46,OUT017,962.87996
FDV28,OUT049,1687.8029999999999
FDA08,OUT018,2143.0104600000004
FDH45,OUT017,1227.1692699999999
NCS38,OUT010,285.16213999999997
FDD40,OUT010,430.47299000000004
DRM59,OUT035,2100.2328099999995
NCJ43,OUT018,2225.9358500000003
NCN29,OUT013,1635.77073
NCC19,OUT045,2661.0028599999996
FDR56,OUT035,2756.0791
FDZ43,OUT049,3485.696029999999
FDJ32,OUT010,273.6438
DRH03,OUT017,1460.4655900000002
NCZ54,OUT035,3105.75726
FDE26,OUT017,2498.78069
FDS03,OUT045,2076.49704
DRZ24,OUT019,332.33407
FDO48,OUT027,4109.51734
FDW39,OUT049,2359.5286199999996
NCK05,OUT049,1532.0058
NCK30,OUT017,3382.56361
FDT27,OUT018,2789.0361999999996
FDS08,OUT019,375.1782999999999
NCJ19,OUT049,2243.3132300000007
FDC58,OUT045,1252.5362499999999
DRE37,OUT013,3058.2191399999997
FDW02,OUT035,2406.4342300000003
FDJ02,OUT010,286.99309
FDX09,OUT045,2407.83241
FDT31,OUT010,290.2888
FDI24,OUT049,2391.91979
FDY09,OUT045,3058.9848099999995
FDV28,OUT045,1079.42825
DRM47,OUT049,2243.91245
FDT52,OUT019,417.48989
FDI48,OUT018,1784.0443900000002
FDY55,OUT017,3858.0446800000004
FDU48,OUT013,2290.11897
FDN25,OUT045,1813.6059100000002
FDP20,OUT049,2081.98989
FDJ15,OUT013,2655.3768499999996
FDD04,OUT018,2020.1370699999995
FDY58,OUT045,3734.1060099999995
FDR37,OUT018,2151.4328299999993
FDF44,OUT013,2136.25259
FDD32,OUT045,1518.7896700000001
FDR57,OUT017,2324.9070199999996
DRG39,OUT027,4251.29945
FDX15,OUT017,2740.29964
DRN37,OUT045,2749.0549100000003
FDW40,OUT027,4037.34462
FDB32,OUT049,2037.28142
FDM40,OUT018,1817.1346499999995
FDE39,OUT027,4393.41446
DRH49,OUT017,1578.0791600000002
FDT46,OUT049,2010.5828400000003
NCF06,OUT035,3478.2057799999993
FDP07,OUT017,3264.6837199999995
FDC04,OUT013,3194.10892
FDZ32,OUT017,1765.8347600000002
FDD50,OUT045,2443.65245
FDU56,OUT017,3014.60924
FDV34,OUT017,1103.1307300000003
NCY41,OUT013,1672.8890800000001
NCK18,OUT046,2380.5013200000003
DRH25,OUT049,2299.839650000001
FDT57,OUT046,2791.2333399999998
FDV56,OUT018,1517.4247799999998
FDV12,OUT045,1903.0228499999998
FDN52,OUT017,1491.8913499999999
FDX38,OUT035,2548.48266
FDE47,OUT018,1801.4217700000002
NCO07,OUT013,3227.03273
FDV09,OUT027,4143.37327
FDZ23,OUT019,420.4194100000001
DRH51,OUT018,1801.8212500000002
NCY54,OUT045,2283.3278099999998
DRG49,OUT013,3089.4118700000004
NCC19,OUT049,2784.6752099999994
NCV53,OUT045,3140.6451799999995
FDZ47,OUT019,234.22844
NCO26,OUT018,1903.2225899999999
NCP02,OUT045,1158.2922600000002
NCW30,OUT018,2335.12705
NCN55,OUT046,2161.25338
FDB20,OUT010,263.52364000000006
DRL11,OUT013,1909.21479
DRD60,OUT045,2505.5052700000006
FDW14,OUT010,247.04509000000007
FDL27,OUT010,193.01542
FDU09,OUT018,1668.3616399999999
DRH36,OUT027,2970.9327599999997
FDP34,OUT027,3862.77186
FDE04,OUT017,3031.08779
FDZ57,OUT027,3106.65609
FDF02,OUT010,267.28541
FDG28,OUT045,3901.65458
NCI31,OUT046,1728.8495699999999
FDT43,OUT013,1482.0042200000003
FDU20,OUT046,1979.3235300000001
FDD53,OUT013,1307.23172
FDW15,OUT045,2284.3930900000005
NCT53,OUT045,2360.1278399999997
NCG55,OUT027,2991.53927
FDD48,OUT035,1301.3726800000002
FDG47,OUT049,3920.330270000001
FDI21,OUT017,1516.25963
FDT27,OUT017,3460.1293100000003
DRO35,OUT013,1660.5717800000002
FDD33,OUT017,3347.7755600000005
FDC04,OUT035,3187.7838199999997
FDY34,OUT013,2677.58128
DRJ49,OUT049,2522.61633
FDE05,OUT049,2145.14102
FDU31,OUT017,3454.3035600000003
NCN19,OUT027,3244.5765599999995
FDK56,OUT027,4308.45838
FDK58,OUT017,1433.16779
NCJ42,OUT035,2415.65556
FDZ34,OUT027,4880.979799999999
FDA52,OUT018,1821.2958999999998
NCR29,OUT013,1540.9941000000001
FDT48,OUT035,1392.3875400000002
DRJ51,OUT019,330.43654000000004
NCS54,OUT046,2503.9073499999995
FDV01,OUT035,2463.46
DRG51,OUT027,4021.065810000001
NCG42,OUT013,2268.64692
FDA51,OUT049,2288.18815
FDV19,OUT010,339.65787
NCT18,OUT045,3285.68971
NCS41,OUT045,2620.48893
FDO03,OUT046,2297.60922
FDL12,OUT010,232.16445999999996
FDY37,OUT010,258.56343000000004
FDI58,OUT049,1674.52029
FDT28,OUT018,1702.01783
NCC42,OUT010,290.52183
FDO01,OUT017,2377.4386400000003
FDJ02,OUT013,1895.1664100000003
FDQ04,OUT018,1503.7093000000002
DRL47,OUT013,2081.6237
FDZ32,OUT035,1767.9320299999995
FDC35,OUT035,2662.50091
FDX14,OUT045,1494.2882299999999
FDZ35,OUT013,1739.1028900000001
FDL14,OUT013,2087.38287
FDO04,OUT049,1482.90305
DRK11,OUT017,2316.4846500000003
FDB44,OUT018,2558.46966
FDZ50,OUT049,2372.9111999999996
FDI12,OUT027,3952.9211800000003
FDU43,OUT017,3778.8477700000003
FDD58,OUT010,356.06983999999994
FDB27,OUT017,3050.3627
FDB04,OUT018,2152.4648199999997
NCO17,OUT013,1576.68098
FDL12,OUT017,1197.57446
DRJ13,OUT049,2869.6978699999995
FDD57,OUT045,1875.5253099999998
FDW19,OUT035,1839.70527
DRD27,OUT018,1790.70239
FDH27,OUT027,4367.048779999999
NCW30,OUT027,5888.4350699999995
FDR40,OUT018,1500.1472700000002
FDG05,OUT013,2136.91839
NCY41,OUT019,393.58767
FDI38,OUT018,2170.70774
FDR20,OUT046,2025.89624
FDE09,OUT017,1778.6847000000002
FDN50,OUT019,299.97619000000003
DRF27,OUT045,2360.32758
DRF51,OUT013,1587.4336500000002
NCO02,OUT019,283.36448
FDB51,OUT027,4309.69011
FDJ50,OUT013,2404.2038000000002
FDN52,OUT013,1596.32208
FDX14,OUT013,1600.2835900000002
FDT27,OUT019,468.09069
FDV10,OUT013,1567.16004
FDU33,OUT046,1479.50747
FDU58,OUT046,2324.6074099999996
NCP42,OUT027,4876.11946
FDL51,OUT027,5086.678710000001
DRH15,OUT027,4244.341839999999
FDU16,OUT017,1998.1989599999997
FDW15,OUT017,2098.3352800000002
FDQ44,OUT045,2073.20133
NCI06,OUT027,4184.51971
DRK23,OUT019,492.75858
FDC28,OUT035,1961.5133799999996
NCY17,OUT019,347.44773
NCV05,OUT018,2087.8822200000004
FDM34,OUT019,393.15490000000005
DRD60,OUT027,3609.8011500000002
FDT38,OUT046,1909.11492
FDQ57,OUT018,2231.4619900000002
FDE59,OUT027,2390.3218699999998
NCM43,OUT046,1870.4652300000002
DRI51,OUT049,2561.16615
NCG30,OUT017,2205.52908
NCK54,OUT035,2610.0025800000003
FDQ16,OUT019,281.56682
FDI36,OUT013,3120.4714400000003
FDX16,OUT027,2903.68696
FDA34,OUT046,2802.1524600000002
FDJ48,OUT018,1865.0389600000003
FDU47,OUT035,2325.7725600000003
FDS39,OUT046,2006.92094
FDD11,OUT046,3130.6914700000007
FDM16,OUT027,2945.56578
FDU56,OUT018,2373.97648
FDQ32,OUT017,2151.46612
DRK35,OUT013,1629.47892
FDA58,OUT049,3284.45798
DRG48,OUT019,366.92238
FDT59,OUT010,462.76428999999996
FDQ31,OUT019,310.1629299999999
FDS51,OUT018,1928.38983
FDW32,OUT027,2955.98555
FDI15,OUT027,4476.20669
NCV30,OUT017,1294.3817800000002
DRG25,OUT049,2869.69787
FDT02,OUT013,1600.2835900000002
FDO33,OUT027,3262.3867099999998
FDP38,OUT035,1708.1764799999996
FDZ45,OUT035,3552.17616
NCA54,OUT027,4123.26611
FDU33,OUT017,1356.5675
FDN58,OUT017,4084.916029999999
FDI05,OUT045,1409.96466
FDM57,OUT019,281.33378999999996
NCS42,OUT027,2643.1261299999996
FDB57,OUT045,3742.6948299999995
FDC03,OUT045,3766.0977
FDZ58,OUT013,2091.54412
NCK29,OUT045,2038.3467
NCR53,OUT045,2789.5355499999996
FDE26,OUT027,3892.8327299999996
FDU52,OUT049,2236.58865
FDE41,OUT027,2945.56578
FDU38,OUT018,2439.3247499999998
FDA52,OUT017,3022.1993599999996
FDW46,OUT046,1496.55195
DRI59,OUT035,2567.1583499999992
FDT38,OUT035,2785.0746899999995
FDL33,OUT018,2462.52788
FDQ01,OUT027,4445.413439999999
FDJ08,OUT046,2871.82843
FDQ47,OUT049,1571.52103
NCZ18,OUT013,3662.93199
FDE29,OUT017,1230.0655
FDF10,OUT027,3243.07851
FDC48,OUT049,1678.3486400000002
FDY58,OUT013,3333.9934999999996
NCX30,OUT010,449.3484199999999
FDV11,OUT013,2431.13541
FDT46,OUT046,1767.9986099999999
DRD01,OUT019,224.14157000000006
FDQ11,OUT013,2800.18835
NCM41,OUT017,1535.0684800000001
NCC55,OUT013,1596.4885299999999
FDG45,OUT027,5347.772180000001
NCQ54,OUT049,3112.34868
FDM34,OUT045,2037.8140599999995
FDD17,OUT019,300.3090899999999
FDN38,OUT027,4333.3593
FDB53,OUT018,1686.6378499999998
NCL06,OUT035,3549.0469000000003
NCV18,OUT019,252.83755000000005
FDX25,OUT013,2654.9107900000004
FDB39,OUT046,1664.9993499999996
FDC33,OUT049,3183.0899299999996
NCO14,OUT018,1546.68669
FDA58,OUT027,5869.126870000001
NCQ02,OUT017,3362.1235499999993
NCR53,OUT017,3293.2798300000004
FDN52,OUT046,2051.3298
FDG26,OUT046,2498.5809500000005
FDE23,OUT027,1793.3655899999999
DRI37,OUT013,2246.10959
DRH37,OUT018,2027.82706
FDO01,OUT035,2495.4184
FDK45,OUT049,1886.4444299999996
FDP23,OUT049,3041.0082099999995
FDM33,OUT035,3671.68726
FDD36,OUT017,1543.12466
FDL56,OUT017,1560.03598
FDT27,OUT010,518.7580700000001
FDG52,OUT017,808.6141000000001
NCL42,OUT035,3330.6645
DRJ24,OUT046,2809.90903
FDV38,OUT046,1788.8381500000003
FDT35,OUT045,2242.6807199999994
FDY51,OUT045,2939.60687
FDC37,OUT017,1434.6658400000001
NCP43,OUT013,2381.26699
FDO33,OUT045,2046.7690699999998
FDW04,OUT018,1599.9174000000003
NCC31,OUT046,2318.3488899999998
FDK22,OUT049,3326.6031199999998
FDJ50,OUT017,1434.3329399999998
FDV13,OUT017,2000.66242
DRL60,OUT017,2192.84559
FDW03,OUT017,2124.60109
FDY27,OUT035,3260.8553699999998
FDB39,OUT027,4251.29945
FDU59,OUT045,2558.40308
FDZ57,OUT049,2101.49783
FDO21,OUT049,3061.9809099999998
FDS43,OUT018,2336.45865
FDU28,OUT010,320.1166399999999
FDC51,OUT010,247.84405
FDW16,OUT010,222.97642000000002
FDP32,OUT010,297.37956999999994
FDB60,OUT019,295.01598
NCQ30,OUT046,1870.0990399999998
FDD26,OUT049,2392.8852
FDI44,OUT045,1467.82268
DRH23,OUT046,2113.1493299999997
FDO44,OUT046,1860.4782300000002
FDG04,OUT046,2775.7201999999997
FDM32,OUT027,2720.2257699999996
FDM09,OUT013,2696.72303
FDZ47,OUT013,1871.99657
FDM40,OUT027,3381.4317499999997
FDY48,OUT017,1447.2827499999999
NCM30,OUT045,1098.2038100000002
FDX36,OUT010,352.50781
DRF03,OUT017,1258.09568
FDN51,OUT049,2723.1552899999997
FDM57,OUT049,1458.5014799999997
FDB35,OUT049,2062.54853
FDY13,OUT027,3446.5802800000006
FDA37,OUT017,2513.46158
NCX53,OUT017,2104.09445
FDD59,OUT018,1228.10139
FDX10,OUT019,250.67369999999997
FDC03,OUT018,2152.4648199999997
FDW43,OUT035,2790.90044
FDW10,OUT046,2718.7943
FDY14,OUT027,4408.328380000001
FDV43,OUT045,1430.60446
FDO40,OUT013,2203.6315499999996
FDP46,OUT027,2917.2692799999995
NCE43,OUT019,415.05972
FDD05,OUT035,1732.67792
FDJ60,OUT010,280.76786000000004
DRE27,OUT018,1234.62623
FDO11,OUT035,3267.2803400000003
DRG11,OUT027,3251.86707
FDK33,OUT010,415.25946000000005
DRM23,OUT045,2368.31718
FDJ02,OUT027,4096.53424
NCZ05,OUT045,1885.7786299999996
NCL30,OUT013,2245.84327
FDZ19,OUT018,2421.68105
FDM45,OUT049,1628.18061
FDO36,OUT046,2000.4626799999999
NCK31,OUT045,1900.4262299999998
DRJ37,OUT045,2153.1972
FDP24,OUT018,1587.53352
FDF46,OUT013,1934.9146700000001
FDX46,OUT019,257.33169999999996
NCL18,OUT045,3050.3294100000003
FDJ26,OUT013,2193.811
FDJ07,OUT045,2086.3175899999997
FDY15,OUT013,2668.3266599999997
DRG01,OUT045,1234.9591300000002
FDF58,OUT045,1314.1227499999998
FDZ14,OUT019,300.60870000000006
FDP31,OUT049,1597.6203899999998
FDH45,OUT013,1819.8311400000002
FDA09,OUT010,338.65916999999996
FDW31,OUT035,2541.7580799999996
FDA57,OUT046,2271.31012
NCE55,OUT035,2947.96266
FDC17,OUT019,350.11093
FDC59,OUT013,1430.40472
FDA22,OUT013,2563.3300000000004
FDK52,OUT035,2462.5944600000007
NCM26,OUT046,1957.58516
NCT53,OUT035,2450.24387
FDW45,OUT018,2559.4017799999992
NCI18,OUT035,3330.6645
FDE38,OUT018,2078.4944400000004
FDF08,OUT019,310.16292999999996
FDY58,OUT010,413.32864000000006
FDF58,OUT019,401.81030000000004
FDX39,OUT017,3202.23168
FDB44,OUT049,2544.85405
FDF28,OUT013,2100.89861
FDE39,OUT013,2061.1503500000003
FDT37,OUT018,2389.45633
FDZ45,OUT017,3701.415230000001
FDO40,OUT035,1999.2975299999994
FDM57,OUT027,2092.14334
DRG36,OUT017,3046.63422
FDY36,OUT010,211.89085
DRL60,OUT027,4415.35257
FDS25,OUT019,283.96369999999996
DRF49,OUT027,2587.9978899999996
FDP16,OUT045,4223.8351999999995
FDS60,OUT049,1913.70894
FDU15,OUT027,4130.12385
FDK43,OUT046,2134.5548000000003
FDN25,OUT046,1198.7728999999997
FDE53,OUT049,1641.2968700000001
FDB22,OUT013,2908.4807200000005
FDE39,OUT017,1832.5146300000001
FDX35,OUT035,3595.0203900000006
NCG54,OUT049,3146.63738
FDH27,OUT035,3260.85537
NCK42,OUT013,3259.5570600000005
FDS25,OUT049,2270.27813
FDI10,OUT018,2189.8827800000004
FDU35,OUT035,2651.0491500000003
FDI04,OUT017,2624.7500499999996
DRK23,OUT035,2475.94375
FDB53,OUT019,283.69737999999995
FDY02,OUT049,2650.18361
FDM60,OUT035,2100.36597
NCJ31,OUT010,641.76462
DRP35,OUT017,1825.0576699999997
NCQ30,OUT018,2039.5784300000003
DRL11,OUT010,291.35407999999995
FDU01,OUT013,1887.9757699999998
FDR39,OUT035,2818.83075
FDO08,OUT046,2495.8178800000005
FDC02,OUT045,4085.81486
NCZ29,OUT035,2095.53892
FDF29,OUT010,263.98969999999997
FDZ23,OUT017,3167.4436299999993
NCU53,OUT018,1958.0845100000001
NCW30,OUT013,3229.22987
NCM26,OUT027,2912.14262
FDV50,OUT027,4337.88674
FDW15,OUT049,2453.4397099999996
FDI35,OUT027,4877.517639999999
FDO11,OUT017,2648.01976
FDN48,OUT046,1569.1907299999998
NCA17,OUT049,1901.15861
NCN54,OUT013,1897.53
FDP22,OUT013,1789.5705299999997
NCB54,OUT035,2066.24372
FDD08,OUT045,1036.0513799999999
DRM48,OUT010,283.4643500000001
FDG41,OUT027,3121.6032999999998
FDE44,OUT027,2796.5597399999997
FDE26,OUT035,2078.66089
NCS38,OUT013,1953.5903600000001
NCJ54,OUT018,2481.83608
FDI40,OUT019,269.9819
FDN45,OUT018,2759.1750700000002
FDU43,OUT046,2911.5766900000003
FDI04,OUT010,397.71563000000003
NCC07,OUT018,1474.4141
NCC07,OUT019,307.00038000000006
NCD18,OUT045,3422.3451600000008
FDU55,OUT035,2948.76162
FDX59,OUT035,2136.8851
FDR52,OUT049,2880.48383
NCP17,OUT013,1799.19134
FDQ32,OUT045,2060.88403
NCT17,OUT049,2477.4418
FDO10,OUT049,1485.1667699999998
FDE32,OUT049,1816.86833
FDN44,OUT045,2569.8215499999997
FDH02,OUT035,1965.70792
FDK60,OUT013,1679.4472099999998
FDS24,OUT019,273.1111599999999
FDL03,OUT010,461.2995299999999
FDB46,OUT027,4536.69462
FDO48,OUT049,2389.09014
FDZ39,OUT049,2185.7215300000003
FDT02,OUT027,2010.0501999999997
FDC50,OUT013,2532.50346
FDP39,OUT035,1879.4535300000002
DRG15,OUT018,1375.2099
FDP10,OUT018,2059.1862400000005
FDF53,OUT027,4496.380429999999
FDN34,OUT045,3338.92042
FDK02,OUT045,1669.9928499999999
FDC23,OUT045,2718.22837
FDJ10,OUT019,270.64770000000004
FDE53,OUT035,1941.9388599999997
FDR25,OUT035,2991.2396599999997
FDW50,OUT046,2674.2189900000003
FDS09,OUT049,1538.3308999999995
FDW49,OUT010,348.24669000000006
FDU51,OUT046,2131.3256699999997
FDF28,OUT018,1296.07957
NCY30,OUT018,2343.616
FDD44,OUT045,3999.9266599999996
FDX09,OUT017,2973.8289899999995
NCF30,OUT013,2161.75273
FDZ50,OUT019,353.27347999999995
FDW37,OUT013,2445.64985
FDD11,OUT049,3581.138459999999
DRH39,OUT018,1768.9973100000007
FDA36,OUT049,1833.6797800000004
NCG43,OUT049,2511.63063
FDF02,OUT035,1871.3973499999997
FDP57,OUT027,2494.18667
NCE42,OUT017,2537.7299900000003
NCR38,OUT027,5504.03544
FDP03,OUT019,359.59857999999997
FDO51,OUT035,2110.41955
NCQ42,OUT046,2109.18782
NCM41,OUT046,1788.9713100000001
FDH48,OUT027,2365.8870100000004
DRF60,OUT046,2195.6752399999996
FDJ27,OUT035,2292.8820400000004
FDQ14,OUT013,2340.22042
FDN27,OUT017,2510.2990299999997
NCQ02,OUT046,2536.19865
FDJ33,OUT049,1927.4910000000004
FDP07,OUT027,5289.314939999999
DRE01,OUT049,2964.70753
FDU36,OUT045,1160.2230799999998
FDL28,OUT017,3229.56277
NCX53,OUT046,2759.6411300000004
FDZ39,OUT013,2495.11879
NCP42,OUT013,3029.9226400000002
FDJ14,OUT035,2484.1663800000006
FDK04,OUT049,1692.9296600000002
NCC19,OUT017,2326.40507
FDS09,OUT018,1664.3002599999995
FDZ02,OUT046,2335.1603400000004
FDD35,OUT018,1589.6640799999998
NCY42,OUT017,2378.4040499999996
FDB05,OUT045,3418.08404
FDF20,OUT035,2970.40012
NCO41,OUT018,1462.86247
FDC40,OUT027,3805.84596
FDV58,OUT045,2303.0687800000005
FDZ57,OUT045,1896.56459
DRM35,OUT046,2700.0187400000004
DRN36,OUT018,1607.4076499999999
FDQ13,OUT046,2064.6457999999993
DRO35,OUT010,225.63962
NCD43,OUT035,2121.2387999999996
FDA51,OUT018,2152.4648199999997
NCX17,OUT027,3893.132339999999
NCZ17,OUT049,1788.83815
FDR11,OUT027,3894.6969699999995
FDW34,OUT049,3417.1852100000006
FDN50,OUT017,1907.55029
FDS09,OUT046,1373.64527
FDS48,OUT018,1650.91768
FDL44,OUT049,2508.4347900000002
DRF48,OUT018,2036.38259
FDA14,OUT018,2020.1370699999995
NCD30,OUT049,2174.8024099999993
FDI16,OUT017,1168.2459700000002
NCG06,OUT035,3598.11636
DRZ24,OUT035,1964.6093500000002
NCS17,OUT045,1686.3049500000002
FDB37,OUT045,3167.4436299999998
FDE10,OUT035,2005.2897299999997
FDC57,OUT045,3464.8564899999997
FDM12,OUT018,2520.3858999999998
FDE24,OUT049,2183.7574200000004
FDW22,OUT045,3329.8988299999996
DRD01,OUT027,1988.9110500000002
NCZ18,OUT027,5633.43367
FDN49,OUT045,1721.5923500000001
FDR22,OUT035,1815.40357
FDV08,OUT019,375.1782999999999
FDY39,OUT046,2460.86338
FDV36,OUT049,1940.87358
FDO60,OUT045,1289.28841
FDU04,OUT027,2208.85808
FDR20,OUT027,2801.7862700000005
FDW19,OUT019,310.16292999999996
FDU40,OUT049,2411.42773
FDK15,OUT045,2307.82925
DRF15,OUT035,3149.5003199999996
FDQ25,OUT017,3142.4428400000006
FDI48,OUT019,179.93245000000005
FDS49,OUT046,2064.6458000000002
FDV22,OUT046,2189.11711
NCV42,OUT046,2086.01798
FDX26,OUT046,2782.8442600000003
FDI33,OUT018,1892.8028199999997
FDZ14,OUT049,2372.2454000000002
FDG10,OUT013,1567.16004
FDM38,OUT018,1707.7769999999996
FDG26,OUT027,4255.02793
FDH46,OUT035,1784.8766400000004
FDN13,OUT018,1583.1392400000002
FDU57,OUT035,2144.0757400000007
NCI06,OUT046,2558.6693999999998
FDM38,OUT045,1594.2248100000002
NCG42,OUT010,343.95228000000003
FDL39,OUT045,3105.39107
FDT31,OUT019,375.1782999999999
FDV59,OUT013,3445.34855
FDB49,OUT035,2100.36597
FDD58,OUT049,1851.8894100000002
DRN59,OUT046,1948.3638299999998
FDX48,OUT049,2006.55475
FDQ11,OUT049,3382.16413
FDY12,OUT049,2073.8338400000002
FDQ11,OUT045,2609.17033
DRI11,OUT017,2083.45465
FDY32,OUT027,4063.77688
FDS51,OUT045,1097.37156
FDR19,OUT010,342.12133000000006
DRB13,OUT018,2662.80052
FDS21,OUT035,1672.8224999999998
FDQ40,OUT045,2840.70228
NCE55,OUT013,2900.32467
FDX43,OUT027,4188.68096
FDS12,OUT049,1854.253
DRK01,OUT027,2587.9978899999996
FDN25,OUT017,1791.0685800000003
FDB60,OUT046,3280.92924
FDQ13,OUT017,1428.7069299999998
DRK13,OUT045,3200.96666
DRF25,OUT018,1405.0710299999998
NCD42,OUT019,347.44773
FDW25,OUT045,1643.9600699999999
NCV29,OUT027,3745.0584200000003
NCK42,OUT035,3494.01853
DRJ13,OUT027,3609.3350900000005
DRD15,OUT017,4014.0749099999994
FDM27,OUT045,2381.53331
FDZ50,OUT018,2152.46482
FDC04,OUT046,2860.6429900000003
FDF50,OUT049,2115.04686
FDP15,OUT045,2990.04122
FDK46,OUT035,3096.9021199999997
FDZ56,OUT018,2718.52798
FDY60,OUT049,2144.24219
FDB10,OUT035,3547.91504
FDR57,OUT045,2511.46418
FDU58,OUT049,2448.8124000000003
FDH02,OUT046,1971.03432
FDP48,OUT013,2249.4052999999994
FDI46,OUT035,3547.91504
FDW56,OUT013,2762.1378799999998
NCM19,OUT010,294.05057000000005
FDS50,OUT027,4410.0594599999995
FDK24,OUT013,1612.16812
FDO36,OUT017,1938.90947
FDK45,OUT027,2755.6463299999996
NCL05,OUT045,1335.69467
FDL32,OUT018,1877.25639
FDA28,OUT049,2302.40298
FDY36,OUT018,1518.72309
FDP32,OUT018,1810.54323
FDL50,OUT046,2018.97192
DRC24,OUT049,2503.70761
NCS18,OUT017,1696.59156
FDD16,OUT017,1345.78154
NCV18,OUT013,1961.5799599999998
FDX07,OUT046,2577.51154
NCZ05,OUT027,3041.60743
NCI31,OUT013,1427.1423
FDK14,OUT049,1641.62977
NCR06,OUT045,1059.6207
NCF54,OUT049,3002.1920699999996
DRG23,OUT010,296.68048
FDD53,OUT046,1369.61718
NCM31,OUT027,2867.7337599999996
FDT16,OUT017,3507.26795
FDR40,OUT035,2025.56334
DRG25,OUT017,2722.3896199999995
FDT10,OUT035,1706.24566
FDY32,OUT013,2507.4360899999997
FDN50,OUT035,1846.1302399999997
FDZ35,OUT019,234.09527999999995
NCP54,OUT045,2205.5290800000002
NCD07,OUT035,2191.8136
FDS02,OUT018,2152.46482
DRN59,OUT018,1775.7218900000003
DRB24,OUT013,2701.9828500000003
FDP37,OUT027,3478.73842
DRB01,OUT018,2215.31634
FDR47,OUT046,2923.2947700000004
NCM31,OUT010,307.46644000000003
NCF06,OUT027,5888.43507
NCV17,OUT027,3581.8708400000005
FDS10,OUT049,2303.3683900000005
FDN52,OUT035,1882.4163399999998
FDZ48,OUT013,2010.7492900000002
FDJ48,OUT049,2382.9647800000002
DRB13,OUT027,4911.34028
FDV59,OUT017,2971.73172
FDL32,OUT035,1831.5825099999997
FDZ12,OUT035,1392.3875400000002
NCR06,OUT027,1844.5323199999998
FDP51,OUT017,1749.65582
FDY22,OUT013,2496.8498699999996
FDZ38,OUT049,2561.16615
NCO54,OUT035,2350.20742
FDR23,OUT035,2938.2419800000007
FDM38,OUT049,2273.07449
FDS25,OUT013,2028.7591799999998
FDZ22,OUT013,2345.6466899999996
FDZ20,OUT019,375.1782999999999
FDD45,OUT010,253.73638000000005
FDN03,OUT049,2411.5608899999997
NCW30,OUT046,2614.8629200000005
FDY24,OUT027,3866.5336299999994
FDJ26,OUT019,399.11381
FDM15,OUT049,2332.6302999999994
NCW54,OUT027,1698.1561900000002
FDA23,OUT045,1461.99693
FDA39,OUT019,164.28615
FDZ12,OUT017,2176.03414
NCB42,OUT046,1978.05851
FDL16,OUT046,1364.69026
FDO24,OUT019,311.32808
NCP42,OUT046,2449.9442599999998
FDR19,OUT018,2514.22725
DRL01,OUT045,1742.0657000000003
FDV37,OUT046,2862.6071
FDI41,OUT010,299.90961000000004
FDF58,OUT049,2121.2388
NCF43,OUT018,2094.90641
FDN02,OUT049,2584.6023099999993
NCP41,OUT035,1955.3547300000005
NCY17,OUT027,2202.7327199999995
FDL58,OUT027,4536.69462
NCA30,OUT027,4445.480020000001
FDE46,OUT018,2282.5954300000003
FDY38,OUT035,3801.0521999999996
NCH29,OUT027,2616.4608400000006
FDO20,OUT045,3413.8562099999995
FDP44,OUT018,1564.82974
FDM02,OUT027,3441.05414
FDJ14,OUT027,3441.05414
FDH04,OUT010,210.99202
DRK23,OUT046,3205.76042
NCW05,OUT046,1913.90868
FDF12,OUT049,1791.2017399999997
FDL51,OUT019,480.34141
FDN03,OUT018,2015.87595
DRJ37,OUT049,2869.69787
FDM12,OUT019,414.4605
FDA16,OUT045,3428.73684
NCB07,OUT017,3097.4014700000002
NCI17,OUT019,332.73355000000004
FDR51,OUT046,2141.3126700000003
FDJ55,OUT045,3493.41931
NCZ17,OUT013,1401.60887
FDU25,OUT013,2369.1161400000005
NCG18,OUT045,1799.19134
DRM11,OUT017,3003.32393
FDH16,OUT035,1766.1676599999998
FDZ04,OUT018,1254.1008800000004
NCX53,OUT035,2170.6078700000007
FDX38,OUT027,3805.84596
FDX09,OUT046,2360.261
NCW05,OUT018,2114.4143499999996
NCS41,OUT017,2707.67544
FDI26,OUT046,2162.4518199999998
NCZ41,OUT027,3094.5052399999995
NCK06,OUT046,2086.01798
FDX23,OUT027,2444.35154
NCA42,OUT046,2276.5033599999997
FDC20,OUT049,1323.54382
DRC49,OUT018,1951.19348
FDX01,OUT013,2531.2051500000007
FDC08,OUT045,3737.9343599999993
FDC02,OUT017,4085.814860000001
FDK10,OUT045,2701.3836300000003
DRC24,OUT013,2848.9914899999994
FDW16,OUT019,299.47684
NCU06,OUT018,2941.60427
DRA59,OUT045,1756.0475
FDR24,OUT019,282.9649999999999
DRL35,OUT018,1772.1265700000004
FDA49,OUT013,2527.34351
NCC55,OUT046,1285.9261199999999
DRD24,OUT019,301.24121
NCE55,OUT049,2808.6107199999997
FDT33,OUT045,2534.23454
NCT53,OUT013,1706.87817
FDS26,OUT046,2782.8442600000003
FDL22,OUT018,1802.4870500000002
FDP44,OUT017,1527.77797
FDC52,OUT018,2152.46482
FDI53,OUT010,350.87659999999994
FDZ23,OUT046,2962.84329
NCT18,OUT013,3279.59764
FDR13,OUT046,1971.03432
FDB09,OUT010,311.59439999999995
FDZ60,OUT013,2010.7492900000004
FDB11,OUT046,3174.5011099999997
FDC10,OUT018,1764.8027699999998
FDW56,OUT035,2729.2140700000004
FDK14,OUT027,3446.5802800000006
DRE27,OUT027,4361.92212
FDA38,OUT017,3283.7256000000007
FDT11,OUT045,2609.17033
FDP15,OUT035,2885.4773299999997
FDV27,OUT035,2252.8008800000002
FDS36,OUT027,3951.989060000001
FDY40,OUT027,2897.49502
NCF19,OUT049,1780.0495899999999
FDF53,OUT045,3214.9151699999998
FDS14,OUT027,4305.861759999999
FDE56,OUT046,1953.05772
FDZ19,OUT035,2463.42671
FDZ46,OUT013,2380.16842
FDR16,OUT046,3084.7512699999997
FDG29,OUT018,1366.8874
NCE30,OUT017,2561.89853
FDZ40,OUT046,1589.6307900000004
FDG58,OUT018,2107.62319
DRH03,OUT013,1851.5898000000004
FDZ47,OUT045,1960.74771
FDV04,OUT018,1599.9173999999998
FDZ10,OUT018,2386.5601
FDG46,OUT017,1716.1993699999998
NCF07,OUT045,1483.20266
FDY44,OUT035,2695.75762
FDB21,OUT013,3088.57962
FDS20,OUT035,2729.2140700000004
FDS49,OUT049,1474.38081
FDX55,OUT027,5155.35598
NCQ02,OUT018,2081.35738
FDR25,OUT013,2193.8110000000006
DRG39,OUT045,1296.7453699999999
FDB46,OUT046,2428.33905
NCC30,OUT018,2265.25134
FDE58,OUT035,2614.03067
FDC05,OUT019,396.85008999999997
FDY15,OUT046,2464.05922
FDG14,OUT046,2210.62245
FDL08,OUT049,3362.456449999999
FDQ47,OUT013,1505.54025
FDN12,OUT035,1294.41507
FDW10,OUT013,3137.88211
FDD02,OUT035,2257.9275399999997
FDX35,OUT010,442.5239700000001
FDT35,OUT046,2385.99417
DRN47,OUT019,423.74841000000004
FDB11,OUT010,598.3877500000001
FDN20,OUT045,2746.39171
FDB59,OUT035,3268.1458799999996
FDJ58,OUT045,2776.08639
FDU60,OUT046,2962.84329
FDS03,OUT049,1362.52641
FDU40,OUT019,295.31559
DRH15,OUT049,1467.1568800000002
FDD04,OUT027,4407.9289
FDQ01,OUT046,3530.43779
FDF28,OUT035,2227.33403
FDD22,OUT010,352.14162
FDY19,OUT046,1839.5388199999998
FDN33,OUT035,1885.14612
FDV36,OUT035,1390.98936
FDW01,OUT010,331.13563
FDJ28,OUT049,2642.8931
FDB17,OUT035,2358.43005
FDM40,OUT049,1944.6020599999997
FDV46,OUT045,2046.4361700000002
FDQ44,OUT049,2081.98989
NCD42,OUT046,1578.34548
DRH37,OUT046,1980.18907
FDR10,OUT018,2505.17237
NCD06,OUT027,1698.1561900000002
FDI53,OUT046,2956.98425
FDG16,OUT035,2533.3024200000004
DRB25,OUT046,1988.7446
FDY09,OUT046,2646.95448
FDX48,OUT045,2294.24693
FDC03,OUT010,460.1343800000001
FDT47,OUT035,2168.64376
FDW44,OUT027,4704.143319999999
FDT24,OUT017,1366.8208200000004
FDT12,OUT019,404.40691999999996
NCS38,OUT035,2125.4333399999996
FDO39,OUT035,2576.3131
FDA13,OUT046,2291.5837300000003
FDO48,OUT035,2474.5788600000005
DRJ01,OUT017,2262.32182
FDD53,OUT018,1366.8874
NCT05,OUT049,2605.87462
FDQ51,OUT045,1121.6399700000002
FDU60,OUT013,2294.0138999999995
FDC59,OUT046,1370.6491700000001
FDP36,OUT035,2100.36597
NCM19,OUT017,2173.37094
FDL16,OUT035,1357.49962
FDE50,OUT018,2057.45516
NCR18,OUT013,1484.63413
NCD30,OUT035,2415.6555599999997
FDH31,OUT013,2627.74615
FDD56,OUT019,310.1629300000001
FDC47,OUT049,3068.97181
FDZ21,OUT045,1540.3283
FDM01,OUT049,1543.55743
FDF24,OUT013,1679.4472099999998
FDW23,OUT017,1169.8106
FDY52,OUT018,1494.28823
DRH37,OUT027,3609.3350900000005
DRO47,OUT027,3508.7660000000005
FDR25,OUT049,2472.24856
FDQ24,OUT027,2492.98823
DRJ51,OUT018,2382.5653
NCU06,OUT035,3298.27333
NCV18,OUT018,1768.83086
NCC06,OUT027,3002.45839
FDZ01,OUT018,1739.4024999999997
FDT14,OUT017,2121.80473
FDD11,OUT019,512.13336
FDN09,OUT017,4222.20399
NCO18,OUT010,380.57128
FDZ50,OUT045,3834.3089100000007
FDS44,OUT013,2741.2317599999997
FDI36,OUT045,3110.65089
FDA26,OUT010,508.97081
NCY53,OUT049,1890.07304
FDF32,OUT049,3023.2313500000005
FDF59,OUT010,330.27009000000004
FDB20,OUT046,2008.31912
DRH11,OUT035,1847.09565
FDT03,OUT049,1895.0998299999999
NCH06,OUT035,3571.251329999999
FDR55,OUT049,3101.2631100000003
FDI10,OUT035,2445.68314
FDZ12,OUT045,2039.8780400000007
FDM12,OUT049,2389.09014
DRB25,OUT045,1796.4282700000003
NCS41,OUT013,2009.3844000000001
NCT53,OUT049,2334.39467
NCD55,OUT013,1183.9588500000002
FDY08,OUT049,2353.1369400000003
NCP55,OUT049,2065.5779199999997
FDA33,OUT013,2564.86134
FDQ33,OUT013,3327.3022100000003
FDE45,OUT027,4877.91712
FDT26,OUT013,2668.3266599999997
NCV53,OUT049,2477.4417999999996
FDK60,OUT027,3983.6811399999997
NCJ29,OUT046,1734.4422900000002
FDI15,OUT045,4137.614100000001
FDX21,OUT013,2456.53568
FDV49,OUT019,430.77260000000007
DRO59,OUT046,1875.0925399999996
FDZ14,OUT045,1915.07383
FDP32,OUT027,3506.5022799999997
FDC33,OUT017,3012.7450000000003
FDT14,OUT010,324.64408000000003
NCN54,OUT027,1995.70221
FDR57,OUT027,3586.2984100000003
DRK12,OUT046,1988.7446000000004
FDX52,OUT049,2675.25098
FDX08,OUT010,293.31819
FDP10,OUT010,337.8935
NCP50,OUT045,1855.45144
NCL06,OUT013,3362.3565800000006
FDP25,OUT013,2742.26375
FDE53,OUT013,1673.1886899999997
FDL27,OUT017,1851.7229599999998
FDC35,OUT049,3507.4011100000002
DRJ47,OUT010,274.34289
FDD16,OUT018,1876.9234900000004
NCN42,OUT049,2477.6082499999998
FDC38,OUT027,3590.3930800000003
NCO07,OUT045,2948.69504
FDQ20,OUT049,1326.24031
FDI32,OUT046,1764.5031600000002
FDN20,OUT010,283.56422000000003
DRJ51,OUT027,4623.781260000001
FDU08,OUT045,1492.1243800000002
DRN37,OUT019,297.44615
FDD05,OUT010,304.86982
FDW15,OUT046,2216.71452
FDI52,OUT046,1733.6766199999997
DRM11,OUT049,2296.7436800000005
NCO06,OUT045,1223.9068499999998
FDU38,OUT049,2711.5703700000004
FDU59,OUT018,2323.47555
FDJ10,OUT046,2054.9251200000003
FDM13,OUT049,1874.32687
NCJ30,OUT019,419.42071000000004
FDM45,OUT018,1719.19547
FDP36,OUT045,1095.6737699999999
NCD30,OUT010,330.20351
FDN48,OUT017,1293.24992
FDY32,OUT049,2187.9852499999997
FDU47,OUT046,2758.7423
FDF17,OUT019,295.31558999999993
FDP34,OUT017,2636.6678699999998
FDA47,OUT049,2236.78839
DRD27,OUT027,4321.57464
FDW38,OUT045,1121.6732600000003
FDZ15,OUT019,306.43445
FDZ03,OUT027,4211.817510000001
NCN19,OUT049,3121.73646
FDG02,OUT035,2667.6275699999997
FDS31,OUT035,2325.9057199999997
FDW43,OUT019,310.16292999999996
FDZ47,OUT010,228.00321
FDO57,OUT017,2370.9138000000003
NCL07,OUT013,1382.9664699999998
NCV42,OUT013,1946.1666899999993
FDP40,OUT017,1347.7789400000001
FDP48,OUT019,396.31745
FDH21,OUT017,2552.11127
NCP02,OUT049,1684.30755
FDK24,OUT049,1539.3296
FDC41,OUT045,1201.46939
FDF08,OUT017,1509.66821
FDO49,OUT017,1837.0420700000002
FDS56,OUT027,5456.663769999999
FDX46,OUT018,1514.5285499999998
FDQ07,OUT013,3052.9926100000002
FDC32,OUT010,258.26382
FDT21,OUT019,422.28365
FDG58,OUT045,2396.7468400000002
FDW14,OUT049,2283.1280699999998
DRA12,OUT027,3503.2065700000007
FDV27,OUT013,2411.89379
DRD25,OUT013,2536.1986499999994
DRF48,OUT027,3609.3350900000005
FDX24,OUT017,1266.1518600000002
DRJ51,OUT046,2860.6429900000003
FDE45,OUT045,2578.84314
FDE14,OUT046,2154.2624800000003
FDG53,OUT045,1645.8908900000001
FDT08,OUT046,2046.9022300000001
DRC27,OUT027,4490.88758
FDG20,OUT035,2246.2427500000003
FDC21,OUT046,2043.6731
FDV31,OUT018,2539.0615900000003
FDB58,OUT045,2177.63206
FDV23,OUT046,1995.53576
FDA25,OUT019,274.37618000000003
FDC15,OUT046,2248.3400200000005
FDU47,OUT049,2393.91719
FDE23,OUT013,1394.48481
FDS08,OUT013,2762.1378799999998
FDW03,OUT027,4225.699439999999
FDJ60,OUT018,2374.5091199999997
FDM34,OUT017,2087.2830000000004
FDW33,OUT013,2457.0683199999994
FDZ40,OUT013,1334.0967500000002
FDE33,OUT018,1499.18186
NCC06,OUT010,333.46592999999996
FDU11,OUT046,2199.6367500000006
FDL44,OUT017,2705.41172
NCZ29,OUT017,1972.2993400000003
FDG28,OUT010,519.09097
FDL12,OUT018,1882.3497599999998
FDD52,OUT017,2195.2757599999995
FDO15,OUT013,2495.1187899999995
NCN29,OUT027,2282.26253
FDW36,OUT013,1692.6633399999998
FDB21,OUT046,2871.82843
FDZ28,OUT013,2094.50693
FDY10,OUT035,2626.94719
DRG39,OUT017,1186.72192
FDN28,OUT013,1602.38086
FDV15,OUT035,2306.83055
DRI13,OUT035,2461.59576
FDH20,OUT046,2116.2453
FDY51,OUT013,3383.6954699999997
FDE16,OUT013,2814.4364699999996
FDX40,OUT018,1254.1008800000004
FDC48,OUT018,1698.0896100000002
FDS14,OUT046,2185.32205
FDX56,OUT017,3916.4020499999997
FDI10,OUT046,2410.0961300000004
FDI14,OUT013,2508.1351799999998
DRM48,OUT013,2168.77692
NCH07,OUT027,4206.59098
FDY26,OUT013,2689.09962
FDD02,OUT027,3446.5802800000006
FDM12,OUT046,2962.84329
DRF01,OUT010,330.73615
FDV36,OUT046,2002.7929800000002
DRI59,OUT013,2883.31348
FDV03,OUT018,2117.6767699999996
FDO39,OUT017,3062.2805200000007
NCB07,OUT018,2341.2857
FDH38,OUT027,3590.5928200000003
FDZ13,OUT035,2662.8670999999995
NCZ30,OUT046,2086.01798
NCA06,OUT035,2021.00261
FDB04,OUT049,2311.79076
FDN50,OUT013,1679.0810200000003
NCG06,OUT049,3521.44949
NCY17,OUT018,1431.9693499999998
FDC23,OUT046,2319.9801
FDK33,OUT049,2725.75191
FDR03,OUT049,2630.6756699999996
FDZ07,OUT045,1250.2059499999998
FDO38,OUT013,2559.06888
FDS59,OUT046,2342.6838799999996
DRM11,OUT019,444.08860000000004
FDX52,OUT027,4883.04378
DRJ35,OUT018,1768.66441
NCP53,OUT046,2904.71895
FDW15,OUT019,426.4449000000001
DRI47,OUT045,2251.03651
DRZ11,OUT035,1866.47043
FDS02,OUT013,2586.56642
DRD49,OUT018,2257.59464
FDW38,OUT049,2252.16837
FDR21,OUT019,413.36193000000003
FDE40,OUT013,1958.95005
FDI02,OUT045,2055.4910499999996
FDQ04,OUT045,1186.98824
FDY14,OUT017,4052.8244700000005
NCT54,OUT046,1974.26345
DRD25,OUT017,1823.2267200000001
DRE01,OUT045,3761.13749
FDJ12,OUT010,342.08804
NCZ05,OUT049,1862.5089199999998
DRB25,OUT019,276.27371000000005
NCC31,OUT045,2369.41575
FDM16,OUT045,1382.36725
DRG11,OUT049,2048.63331
FDV24,OUT027,2472.7812000000004
FDV43,OUT046,1495.45338
FDG05,OUT018,1670.1260100000004
FDV23,OUT010,349.11223000000007
FDI58,OUT018,1711.27245
FDQ11,OUT017,2609.17033
FDC05,OUT027,5029.41991
FDF40,OUT013,3557.3693999999996
FDU02,OUT018,2428.87169
FDT32,OUT013,2532.13727
NCF06,OUT017,3961.5099999999998
FDT46,OUT013,2191.1477999999997
FDR58,OUT010,357.80091999999996
FDY04,OUT046,2371.1801200000004
FDT58,OUT045,2040.9100299999998
FDE46,OUT049,2209.5571700000005
DRH11,OUT017,1773.9242299999999
DRI51,OUT046,2788.9696200000003
FDC35,OUT017,2840.13635
FDP45,OUT035,2518.32192
FDC45,OUT017,2850.6227000000003
FDU01,OUT045,2736.83748
FDJ53,OUT010,357.00196000000005
FDJ46,OUT017,3062.84645
FDX07,OUT013,2589.7622600000004
NCI30,OUT049,3201.63246
FDE47,OUT027,3591.35849
FDV48,OUT045,1579.04457
FDN16,OUT019,269.98190000000005
FDM52,OUT013,1786.40798
FDA32,OUT027,5186.2491
FDH05,OUT017,2847.52673
FDW25,OUT010,268.68359000000004
FDQ09,OUT046,2243.8791599999995
NCM17,OUT010,255.36758999999998
DRM59,OUT046,2522.9492299999997
FDV47,OUT027,2354.03577
DRE15,OUT035,2785.0746900000004
FDS25,OUT010,226.80477000000002
NCZ05,OUT018,1555.67499
NCV05,OUT019,347.44773
DRM37,OUT046,2194.7431199999996
FDV58,OUT027,5207.45483
FDN22,OUT027,4521.2147700000005
NCO06,OUT049,2028.9589200000003
FDT56,OUT019,310.16292999999996
FDM02,OUT013,1644.69245
FDA09,OUT046,2384.32967
NCC06,OUT035,2436.1621999999998
NCL54,OUT049,3271.9742300000003
NCB55,OUT017,1263.1890500000002
FDB12,OUT017,1849.5258199999996
NCA54,OUT049,3280.59634
NCS38,OUT049,2099.33398
FDC02,OUT049,2583.47045
FDK44,OUT019,375.17830000000004
FDE16,OUT035,2544.4878599999997
NCS05,OUT035,2416.48781
FDZ59,OUT045,2894.99827
FDI20,OUT017,3762.20277
FDQ14,OUT046,2218.21257
FDF53,OUT017,3151.0649499999995
FDW25,OUT017,1594.15823
NCQ43,OUT010,295.51533000000006
FDX52,OUT013,2290.5184499999996
FDE28,OUT045,3271.97423
FDN15,OUT017,2575.9802
FDO28,OUT017,1755.28183
FDQ33,OUT045,2911.7431399999996
FDM22,OUT010,306.90051
FDJ03,OUT017,1303.83614
FDI16,OUT045,1359.4304399999999
FDI09,OUT027,4956.01546
FDX55,OUT013,3297.873849999999
FDS23,OUT027,3764.0337200000004
DRC12,OUT045,2962.51039
FDH41,OUT049,2600.1487399999996
FDN01,OUT013,2474.47899
FDV55,OUT045,2445.9827499999997
NCJ19,OUT013,1627.5813899999998
NCY29,OUT010,306.1015500000001
FDP03,OUT018,1809.0451799999998
FDZ52,OUT045,1691.4648999999997
FDH31,OUT010,392.58896999999996
FDQ19,OUT018,2556.2392299999997
FDS15,OUT035,2159.75533
FDN32,OUT017,3138.5479100000002
FDH32,OUT049,1747.6917100000003
FDF33,OUT017,1944.4356099999998
FDJ22,OUT046,2775.3207199999997
FDG56,OUT010,263.35719000000006
FDC05,OUT046,3040.8084700000004
FDK09,OUT013,3292.6140300000006
NCV29,OUT045,2421.2149899999995
NCC43,OUT019,456.20616
NCA42,OUT049,2437.36064
FDC10,OUT046,1813.3395899999996
FDC16,OUT013,1995.0697000000005
NCL17,OUT013,1760.3752
FDA51,OUT035,2430.33645
FDW01,OUT017,2926.29087
NCF30,OUT045,2278.8336600000002
FDN49,OUT013,1084.32188
FDY20,OUT045,1480.4395899999997
FDC15,OUT045,2608.57111
FDY24,OUT046,2732.54307
NCG43,OUT017,1738.86986
FDA48,OUT013,2389.42304
NCF55,OUT017,1164.8170999999998
FDL38,OUT049,1876.82362
NCQ29,OUT018,2673.2535800000005
FDC34,OUT017,2555.64001
FDP36,OUT027,3835.0080000000003
FDN50,OUT010,201.4045
FDO23,OUT049,2269.6456200000002
FDT56,OUT013,1866.8699100000001
FDT13,OUT027,4255.027929999999
FDZ03,OUT013,2703.4809
FDQ03,OUT010,495.85455
FDU44,OUT045,2275.4047899999996
FDD03,OUT049,2875.9896799999997
NCH30,OUT013,2112.38366
FDS60,OUT010,252.43806999999998
FDG08,OUT046,2476.2766499999993
FDX38,OUT017,1185.82309
FDD22,OUT017,1846.4631399999998
FDW51,OUT013,2627.74615
FDL09,OUT017,2725.1194
FDZ60,OUT045,1316.38647
NCH07,OUT046,2457.7008299999993
NCQ41,OUT049,2358.1970200000005
FDW04,OUT049,1925.6267600000006
FDI08,OUT027,6437.254010000001
FDR19,OUT019,310.16292999999996
FDV13,OUT046,1802.3538899999999
FDB52,OUT017,3775.4188999999997
FDZ48,OUT027,2468.35363
NCO14,OUT049,1756.9796199999996
FDZ50,OUT013,2726.18468
FDN27,OUT019,321.21521
FDQ60,OUT013,1975.4618900000005
FDR49,OUT017,1438.3277400000002
DRJ35,OUT027,2975.06072
DRI49,OUT017,1531.5397400000002
FDB47,OUT017,3201.89878
FDP37,OUT010,417.48989
FDR26,OUT049,2378.1377300000004
FDY31,OUT019,375.1782999999999
FDC11,OUT045,2644.0915400000004
DRP47,OUT035,2253.3668100000004
NCY54,OUT018,2199.03753
FDR27,OUT046,2233.85887
FDQ21,OUT019,401.8103
NCQ29,OUT035,3005.8539699999997
FDJ02,OUT046,2325.6394000000005
FDE21,OUT018,1478.0427099999997
FDM39,OUT046,2311.95721
FDZ01,OUT017,1875.8249200000002
NCB19,OUT018,1768.83086
FDU03,OUT046,2134.9209899999996
FDP27,OUT049,2790.00161
DRF01,OUT045,2381.53331
FDM03,OUT049,1783.41188
FDV01,OUT046,2545.5864300000003
FDS16,OUT046,2459.4319100000002
FDO45,OUT035,1639.8654
NCX06,OUT035,3048.49846
FDP13,OUT046,1812.8402400000002
NCR38,OUT018,2497.7487
FDA01,OUT013,1644.69245
FDT26,OUT017,2311.42457
FDD44,OUT027,5524.042729999999
FDB26,OUT013,1644.69245
FDP45,OUT019,400.41212
NCP55,OUT046,1733.1106900000002
FDT23,OUT017,1869.0670500000003
FDO51,OUT045,1495.85286
FDA44,OUT046,1489.8273700000002
NCJ31,OUT018,2470.28445
FDX37,OUT045,1733.54346
NCD18,OUT049,3302.83406
FDN40,OUT027,3221.1403999999998
FDL33,OUT017,3120.4048599999996
DRF48,OUT035,2231.8947599999997
FDW08,OUT035,1962.57866
FDX39,OUT018,2054.6255100000003
FDB38,OUT049,2118.54231
FDY46,OUT018,2670.9565700000003
NCB06,OUT049,2233.15978
FDA34,OUT035,3595.0203900000006
FDA35,OUT045,2083.954
FDQ07,OUT035,2863.53922
FDU32,OUT045,1915.7396300000005
FDU26,OUT013,2550.8462499999996
FDU13,OUT010,297.31298999999996
FDO09,OUT035,2505.93804
FDW03,OUT019,401.87688
FDB38,OUT013,1895.1664099999998
FDL26,OUT010,288.62429999999995
NCN43,OUT045,2124.86741
FDH08,OUT045,2875.32388
NCC31,OUT019,346.71535000000006
FDH14,OUT035,2438.75882
FDL40,OUT017,1782.81266
FDD20,OUT035,2597.25251
NCV53,OUT035,2982.5509700000002
FDD16,OUT045,1591.72806
FDP24,OUT035,1376.40834
FDQ25,OUT045,3147.30318
FDM38,OUT035,2734.67363
NCT18,OUT010,389.75932
FDM34,OUT049,2216.1153000000004
DRH37,OUT010,361.49611000000004
NCE07,OUT013,2181.8266
FDG12,OUT013,1914.2415799999994
FDB59,OUT010,415.25946000000005
FDS10,OUT018,2646.8879
FDN21,OUT010,398.94736
FDM02,OUT045,1513.19695
FDO44,OUT049,1882.28318
NCN17,OUT017,1764.0703899999996
FDH16,OUT018,1294.44836
FDL44,OUT046,2131.0260599999997
FDY47,OUT017,2419.11772
DRI39,OUT046,1664.99935
NCX54,OUT018,1763.97052
FDE59,OUT046,1005.1249700000001
FDO46,OUT045,3149.00097
DRE13,OUT046,1988.7446000000004
FDW14,OUT013,2410.3624499999996
FDF35,OUT046,1751.42019
FDO50,OUT019,344.28518
DRF49,OUT017,1927.22468
FDT60,OUT049,1680.54578
FDP38,OUT045,1166.8145
FDA31,OUT027,4284.95564
FDY52,OUT010,349.44513000000006
FDD03,OUT027,4422.70966
FDN52,OUT018,1433.30095
FDU20,OUT010,241.75198
FDD22,OUT035,2573.71648
NCB55,OUT019,254.56862999999998
FDN27,OUT045,2535.4995599999997
FDD16,OUT013,1689.4675
FDW48,OUT046,1757.54555
DRN35,OUT045,1353.63798
FDX25,OUT049,2281.8297599999996
DRD49,OUT049,2943.2021900000004
FDE21,OUT019,375.17830000000004
FDN44,OUT035,2642.29388
DRC01,OUT049,1038.9809
NCK30,OUT046,3045.23604
FDU39,OUT013,1635.0383499999998
FDB49,OUT013,1846.19682
FDS12,OUT045,1979.1903700000003
FDR57,OUT018,1860.5448099999999
FDX22,OUT027,4521.2147700000005
FDC60,OUT013,1846.1968200000003
NCE42,OUT049,3184.45482
NCK42,OUT049,3088.01369
DRE01,OUT017,3907.5802000000003
FDE57,OUT018,2005.0566999999999
DRK59,OUT019,449.64803
FDB10,OUT027,5847.022309999999
FDQ25,OUT046,2234.3915100000004
FDY26,OUT017,2808.51085
FDG28,OUT049,2636.7011599999996
FDM14,OUT049,1700.02043
NCH29,OUT049,2296.27762
FDD48,OUT049,1877.7224500000004
FDC17,OUT045,3218.2108799999996
DRH49,OUT027,2970.93276
FDN44,OUT018,2299.4401700000003
FDC29,OUT045,1608.1733200000003
DRK01,OUT019,296.61389999999994
FDD48,OUT017,1869.3999499999998
FDB59,OUT013,2756.24555
FDY45,OUT010,411.46439999999996
FDX60,OUT035,1294.41507
FDT09,OUT010,329.10494
DRB24,OUT018,2036.38259
FDL13,OUT035,3334.1266599999994
FDN16,OUT035,2103.4952300000004
FDK57,OUT013,2512.56275
FDO22,OUT027,2184.68954
FDC57,OUT010,343.91899
FDZ13,OUT027,3465.52229
FDW27,OUT013,2465.9567500000003
FDX10,OUT049,1523.8497499999999
FDY08,OUT018,2447.51409
FDA49,OUT017,1807.11436
FDC32,OUT018,1786.60772
FDO04,OUT035,1214.1195899999998
NCZ54,OUT013,2601.31389
FDY40,OUT045,1248.40829
FDW36,OUT045,1354.33707
FDE11,OUT017,2275.8708500000002
DRE37,OUT045,2873.4929300000003
NCK19,OUT017,2847.9595
FDT19,OUT035,2350.8066400000002
FDE56,OUT045,1444.58626
FDZ57,OUT010,308.66488000000004
FDB35,OUT035,1614.26539
FDF09,OUT010,242.71739000000002
FDO34,OUT046,2557.93702
FDA55,OUT046,2911.57669
NCM18,OUT035,1798.7252799999999
FDJ20,OUT019,310.16292999999996
DRQ35,OUT019,336.29558
FDG02,OUT013,2995.0347200000006
NCU29,OUT018,1958.08451
FDL27,OUT027,2999.928349999999
NCA54,OUT035,3146.2379
FDJ32,OUT035,1862.9749800000002
FDB21,OUT019,375.17830000000004
FDR46,OUT035,2664.0322499999993
FDZ32,OUT046,1996.7674900000002
DRF36,OUT017,2912.5421
NCU54,OUT017,3263.7516000000005
NCI31,OUT017,1828.2867999999999
DRA59,OUT035,2262.42169
NCC55,OUT045,1895.0998299999999
FDE44,OUT018,1048.8014500000002
NCN26,OUT018,1880.2192000000002
FDC11,OUT049,1578.84483
FDV24,OUT035,1333.4309500000002
FDR40,OUT019,192.84896999999998
NCQ17,OUT049,2421.9806599999997
FDC46,OUT045,2847.89292
NCM18,OUT046,1419.1859900000002
FDK16,OUT046,1682.57647
FDI28,OUT017,794.9984900000001
FDS11,OUT018,2495.28524
DRD13,OUT046,1988.7446
FDL36,OUT035,1294.4150700000002
FDI27,OUT013,1995.0697000000005
FDJ53,OUT019,250.20763999999994
FDS44,OUT045,3666.92679
FDE28,OUT046,3528.90645
FDQ33,OUT018,2487.9281500000006
FDB37,OUT017,3167.4436299999998
FDQ31,OUT045,1677.08362
NCQ05,OUT046,2612.09985
FDE10,OUT013,1971.06761
FDF38,OUT017,1408.43332
FDE50,OUT019,324.54421
DRG37,OUT010,402.10990999999996
NCH06,OUT049,3746.0571200000004
FDY14,OUT045,4013.6088499999996
FDO27,OUT017,2099.3339799999994
FDQ19,OUT049,3362.1568399999996
FDZ26,OUT019,402.50939
FDN51,OUT013,2601.6467900000002
FDK20,OUT035,1832.7143700000001
FDD40,OUT018,2152.46482
DRI25,OUT018,1612.93379
FDH56,OUT017,1911.1789
FDI36,OUT027,4173.567300000001
DRH11,OUT018,1897.3968399999999
NCV18,OUT017,2139.11553
DRI01,OUT049,2865.03727
DRE48,OUT049,2968.4692999999997
FDS51,OUT035,1991.6741200000004
FDM38,OUT017,1606.40895
FDB60,OUT027,2581.2067300000003
FDY58,OUT035,3771.4241
FDY22,OUT045,2673.0205499999997
FDF11,OUT027,6986.43914
FDZ51,OUT035,2183.75742
FDQ45,OUT017,2895.9969699999997
FDF17,OUT035,2524.01451
NCF31,OUT027,3821.72529
FDA37,OUT013,2011.4816700000003
FDO51,OUT046,2050.9303200000004
FDF34,OUT013,3042.83916
FDD57,OUT018,1604.67787
FDO37,OUT046,3150.83192
FDR49,OUT049,1521.11997
FDS39,OUT049,1950.3279399999997
FDI48,OUT027,3926.5222100000005
DRM35,OUT049,2243.9124500000003
FDV57,OUT035,2465.7903
FDZ55,OUT013,2580.1081599999998
FDI28,OUT035,1556.00789
FDS21,OUT045,1429.1397000000002
FDT34,OUT013,2412.7926199999997
DRI25,OUT035,2128.5293100000004
FDT47,OUT010,255.53404
DRH39,OUT045,1469.5204700000002
NCD54,OUT045,2064.2463199999997
FDU16,OUT027,2945.56578
NCW29,OUT045,2092.1100500000002
FDV25,OUT027,4255.027929999999
FDM56,OUT035,2456.0363300000004
FDZ04,OUT027,2019.80417
FDG59,OUT019,125.63646000000001
FDI56,OUT045,1766.86675
FDS33,OUT035,1854.5859
FDC23,OUT049,2513.8943499999996
FDT11,OUT049,2682.27517
FDG17,OUT045,3785.97183
FDZ44,OUT045,2034.25203
FDJ52,OUT013,2333.7621599999998
DRI23,OUT046,2665.09753
DRE15,OUT010,296.21441999999996
NCF07,OUT013,1792.83295
NCR29,OUT049,1862.5089199999998
FDE44,OUT019,375.17830000000004
FDT23,OUT035,1897.36355
NCG06,OUT017,3117.4087600000007
NCU41,OUT010,297.57931
FDH46,OUT017,1582.4401500000001
FDV31,OUT013,2790.3678
NCT41,OUT027,3562.0965800000004
FDE22,OUT027,4366.915619999999
FDC26,OUT045,1563.39827
DRF51,OUT017,1462.99563
NCY53,OUT019,347.44773
FDY21,OUT017,3358.528230000001
FDL27,OUT013,1920.69984
FDZ34,OUT049,3165.0800399999994
NCF43,OUT010,306.96709
FDC21,OUT035,1873.0285599999995
FDL26,OUT013,2527.6764099999996
FDT25,OUT010,256.43287
NCR30,OUT046,1752.8516599999998
DRL23,OUT019,297.34628
NCR05,OUT049,2477.4417999999996
NCE19,OUT018,1511.76548
FDY07,OUT035,1802.4204700000003
FDB10,OUT017,4138.6128
FDP57,OUT013,2467.52138
FDU48,OUT019,283.59751
FDH48,OUT035,1294.4150700000002
FDO33,OUT035,2446.18249
NCU29,OUT045,2326.37178
FDW35,OUT046,1895.8322099999998
FDH05,OUT010,422.28365
FDP26,OUT049,1841.20332
DRG27,OUT035,2785.07469
FDQ33,OUT046,2820.82815
FDH20,OUT010,209.62713
FDV14,OUT046,2134.2218999999996
DRD01,OUT046,1182.5939600000002
NCI17,OUT049,1961.1804799999998
FDF39,OUT010,538.6987799999999
FDX37,OUT046,2291.5837300000003
NCX17,OUT035,2818.9972000000002
FDN03,OUT013,2627.74615
NCS41,OUT010,294.54992000000004
FDH34,OUT045,2974.6945299999998
NCX53,OUT018,2087.78235
FDY31,OUT046,2769.12878
FDD20,OUT017,2516.1247799999996
FDE51,OUT045,1121.67326
FDV27,OUT046,2082.1563400000005
FDF16,OUT035,2369.08285
FDZ02,OUT049,2280.93093
NCK05,OUT045,1402.5742799999998
FDM12,OUT027,4238.61596
NCA05,OUT018,2388.69066
FDX33,OUT045,2567.25822
FDM25,OUT049,2499.8792600000006
FDE41,OUT018,1433.3009500000003
FDW14,OUT045,1267.28372
NCD30,OUT046,1746.3268199999998
FDB23,OUT010,513.9975999999999
FDF45,OUT046,2025.8962400000005
FDW20,OUT017,2381.0672499999996
FDF47,OUT045,2642.8598100000004
NCR05,OUT019,492.62542
DRB01,OUT046,2195.6752399999996
FDE36,OUT013,2018.20625
FDU56,OUT049,3023.2313500000005
FDB23,OUT049,3619.4219600000006
FDN48,OUT049,1747.4253899999999
FDS43,OUT013,2681.14331
NCN05,OUT013,1871.2974800000004
NCL53,OUT049,2398.04515
FDL56,OUT046,1596.75485
FDH17,OUT018,1296.07957
FDP37,OUT046,2189.05053
FDG09,OUT019,310.16293
FDA55,OUT045,3801.951030000001
FDX31,OUT049,3036.18116
FDJ41,OUT045,4072.9982099999993
DRC24,OUT045,2496.9830300000003
FDQ21,OUT035,2562.1315600000007
NCT54,OUT045,1508.4697700000002
FDH08,OUT049,2938.00895
FDY38,OUT018,2152.46482
DRM11,OUT010,358.73303999999996
FDG32,OUT049,2861.3753700000007
NCH18,OUT046,2739.4673899999993
FDI20,OUT035,2739.33423
FDA33,OUT018,2277.96812
FDN45,OUT013,3252.6660300000003
FDT45,OUT010,348.94577999999996
FDR32,OUT035,2683.70664
FDA48,OUT017,2810.84115
FDN23,OUT017,2290.2188400000005
NCR18,OUT035,1858.18122
FDD45,OUT046,1888.6415700000002
FDI22,OUT018,2566.52584
FDT09,OUT013,2325.0401800000004
DRC24,OUT027,3609.8011500000002
FDT39,OUT046,2284.0934799999995
FDX28,OUT045,1595.7228599999999
FDA50,OUT018,1709.7744000000002
FDT33,OUT027,3923.4262400000007
FDQ60,OUT049,2081.98989
NCM19,OUT018,1795.3962800000002
FDF40,OUT046,2612.2663000000002
NCI30,OUT035,3088.21343
FDK34,OUT049,3642.65838
FDA38,OUT027,4531.90086
FDT02,OUT045,1392.8203099999998
FDC11,OUT017,2624.11754
FDD08,OUT046,1736.33982
NCS29,OUT046,2893.06745
DRI03,OUT010,349.11223
FDK48,OUT035,1301.37268
FDM52,OUT049,2125.03386
FDP49,OUT035,1284.69439
DRA24,OUT046,2364.95489
NCJ43,OUT049,2775.02111
FDE11,OUT045,2290.38529
FDP01,OUT049,2172.30566
FDQ59,OUT018,1560.5020399999999
FDA43,OUT019,375.17830000000004
FDL14,OUT017,3089.21213
FDV50,OUT010,297.91220999999996
FDT01,OUT027,4445.41344
NCC42,OUT035,2216.4482000000003
FDO28,OUT046,2250.87006
FDD32,OUT019,310.16292999999996
FDV45,OUT035,3408.7628400000003
NCW17,OUT019,347.44773
NCJ17,OUT027,2333.2628099999997
NCF18,OUT049,2910.8776000000003
FDP01,OUT045,2672.12172
FDH24,OUT045,1623.7863300000004
FDI38,OUT027,4220.1733
FDX03,OUT035,2157.39174
FDY28,OUT046,3093.2402200000006
FDN34,OUT018,2151.1665100000005
FDJ02,OUT045,2590.72767
FDW40,OUT019,266.85263999999995
FDX03,OUT017,1309.1958300000001
FDE17,OUT027,4074.0301999999997
FDT58,OUT046,2360.2610000000004
FDI38,OUT013,2194.57667
FDW22,OUT035,2523.91464
FDS15,OUT027,4258.85628
NCX06,OUT013,2845.6292000000003
DRK47,OUT035,2172.0393400000003
FDC23,OUT027,4519.4504
FDM56,OUT010,273.1111599999999
FDP21,OUT046,2313.0224900000003
FDP58,OUT046,2911.11063
FDA27,OUT019,450.84646999999995
FDK41,OUT019,280.36838
NCH42,OUT046,2474.0462199999997
FDG29,OUT045,910.91427
FDW15,OUT018,1716.8651699999998
FDD28,OUT018,1254.1008800000004
FDQ37,OUT049,2870.76315
FDC23,OUT035,3507.33453
FDV13,OUT035,2438.75882
FDK33,OUT046,2732.7761
FDO33,OUT013,2720.95815
FDN21,OUT017,2545.2868200000003
NCW06,OUT027,4678.643180000001
FDI38,OUT035,3044.90314
FDC21,OUT027,3130.29199
NCS05,OUT046,2327.3371899999997
NCN53,OUT049,1862.5089199999998
FDV40,OUT010,304.86982
FDG60,OUT017,2382.03266
NCY30,OUT027,4287.38581
FDM40,OUT045,1953.42391
NCO30,OUT046,2616.594
FDK10,OUT046,2324.60741
FDM36,OUT045,2681.8091099999997
FDN10,OUT013,2484.83218
FDM46,OUT018,1820.3637800000001
FDX50,OUT049,1902.39034
FDP33,OUT045,3658.1382299999996
FDO12,OUT045,2490.3583200000003
FDC28,OUT013,1816.9349100000004
FDO31,OUT045,1634.0729400000002
FDX45,OUT035,2737.30354
FDV21,OUT049,2447.6805400000003
FDH04,OUT049,1895.83221
NCG54,OUT013,2472.4483
FDO13,OUT046,2911.7098499999997
FDA09,OUT027,4302.0667
FDC38,OUT017,2247.4078999999997
NCO42,OUT046,2237.68722
FDL45,OUT049,2282.3623999999995
NCK31,OUT013,1417.35504
FDM39,OUT017,3129.95909
FDC22,OUT010,591.9960699999999
FDF46,OUT046,1954.32274
FDQ37,OUT045,2708.57427
FDH41,OUT010,383.93357000000003
FDQ04,OUT046,1589.63079
NCQ02,OUT027,4667.957090000001
FDJ57,OUT027,4536.0954
NCE07,OUT049,2327.8365399999993
FDE56,OUT013,1866.86991
FDI20,OUT049,3023.2313500000005
FDK36,OUT018,1698.0896099999998
FDP08,OUT027,4905.9140099999995
FDF44,OUT017,1959.8488800000002
NCU53,OUT017,2522.41659
FDF47,OUT035,3533.33402
FDS55,OUT010,294.41675999999995
FDZ52,OUT010,348.3798499999999
FDL04,OUT018,1925.9929499999998
NCM26,OUT035,2450.8763799999997
FDX43,OUT049,2499.31333
FDP52,OUT049,2751.5183700000002
DRK49,OUT045,1291.1859399999998
FDE38,OUT013,2781.5126600000003
DRF13,OUT035,2278.7670800000005
FDK41,OUT010,304.86982
FDJ04,OUT027,2701.0507299999995
FDZ44,OUT018,1586.4349500000003
FDS11,OUT013,2771.0596
FDA55,OUT049,3281.46188
NCW53,OUT046,3030.7548900000006
FDB49,OUT027,3890.80204
FDD23,OUT017,2552.87694
NCV42,OUT045,1755.11538
NCZ29,OUT018,1745.56115
FDQ26,OUT013,1995.0697000000005
FDV08,OUT017,1177.26756
FDC53,OUT049,1735.0082200000002
FDV58,OUT010,433.23606
NCP02,OUT019,251.83885000000004
DRI37,OUT045,1249.07409
FDQ12,OUT049,2139.24869
FDE33,OUT046,2116.2453
FDX27,OUT045,1939.8083
FDM22,OUT017,888.6099700000001
NCH30,OUT019,256.06668
FDC04,OUT017,3491.2887499999997
FDO38,OUT046,1748.5572500000003
FDV52,OUT027,3354.10066
FDB32,OUT013,1657.87529
FDV43,OUT018,1178.8987700000002
FDI24,OUT018,1887.44313
FDR40,OUT017,1348.51132
FDW02,OUT049,2322.9762
FDE44,OUT049,1456.5706599999999
FDL38,OUT046,2154.2624800000003
NCT54,OUT010,287.15954
DRJ39,OUT010,369.8519
FDW55,OUT049,3475.2762599999996
DRF13,OUT019,301.24121
NCW17,OUT049,1901.15861
FDP13,OUT035,2537.46367
FDS08,OUT018,2522.35001
NCP17,OUT035,1955.3547300000002
NCO53,OUT035,2706.17739
FDH19,OUT045,2678.9128800000003
FDJ04,OUT017,1927.32455
FDG10,OUT049,1674.52029
FDA40,OUT010,217.71659999999997
FDI53,OUT045,2445.7164299999995
FDU09,OUT010,311.6942700000001
FDK60,OUT045,1923.8290999999997
FDR43,OUT017,1231.4636799999998
FDW22,OUT017,3079.9242199999994
DRP47,OUT010,343.58609000000007
DRG48,OUT010,375.44462000000004
FDA14,OUT035,3149.5003199999996
FDU49,OUT013,1526.97901
FDK28,OUT045,3699.98376
FDT19,OUT046,2671.95527
NCQ42,OUT045,1770.6951000000001
FDD03,OUT045,3636.6994699999996
NCM53,OUT013,1841.43635
NCX53,OUT045,2124.93399
FDV14,OUT027,4287.45239
NCZ54,OUT017,3160.51931
FDB39,OUT013,1668.6612499999999
DRC24,OUT046,1980.1890700000004
FDY36,OUT013,1612.16812
FDN01,OUT035,3320.1781500000006
DRH25,OUT046,1988.7446
FDV08,OUT046,2044.57193
NCP53,OUT049,2537.5302500000003
FDU52,OUT010,354.07244000000003
NCI42,OUT045,3063.24593
FDZ14,OUT035,2406.4342300000003
FDF11,OUT046,3442.4523200000003
FDQ13,OUT018,1727.9507399999998
FDO32,OUT010,254.90153
DRJ37,OUT018,2078.9937899999995
FDY43,OUT046,2175.56808
NCT41,OUT017,2507.469380000001
NCV17,OUT045,1955.3880199999996
FDM04,OUT027,2945.56578
DRB48,OUT018,1182.52738
FDM24,OUT013,1975.46189
FDT37,OUT049,2627.54641
NCO05,OUT010,282.13275
FDL13,OUT046,3337.1893399999994
FDL15,OUT017,2600.54822
FDB11,OUT018,3145.10604
FDL14,OUT019,361.59597999999994
FDY10,OUT019,393.15490000000005
FDJ40,OUT049,2069.77246
NCW18,OUT046,2706.04423
NCY06,OUT013,2087.0832599999994
DRE13,OUT018,1678.5483800000002
FDA26,OUT045,3780.21266
NCE19,OUT010,234.22844000000003
FDE33,OUT035,2014.8439599999997
DRL59,OUT027,2787.07209
FDY07,OUT046,1605.4102500000004
FDF57,OUT018,2152.7977199999996
FDM58,OUT035,1935.28086
FDP26,OUT027,4358.79286
FDY32,OUT046,2732.6762299999996
FDD51,OUT010,285.89451999999994
FDU22,OUT018,1992.33992
FDZ49,OUT018,2063.8468399999997
NCI42,OUT017,2837.2734100000002
FDT04,OUT027,2094.3737700000006
NCU41,OUT045,2828.5514300000004
FDS56,OUT045,3670.35566
NCN42,OUT017,2505.1390799999995
FDK34,OUT046,3111.3166900000006
FDB03,OUT017,3611.3990700000004
DRJ25,OUT035,2059.8187500000004
FDT25,OUT027,3446.5802800000006
FDN20,OUT013,2314.38738
FDP09,OUT013,3220.9406599999998
FDM20,OUT019,375.17830000000004
NCG55,OUT046,2267.5816400000003
NCP14,OUT045,1568.9577
NCH06,OUT046,2892.5680999999995
FDV52,OUT013,2233.4593900000004
NCL07,OUT035,1712.0048300000003
DRJ11,OUT027,4145.403960000001
DRO59,OUT013,1922.99685
FDW15,OUT010,459.56845000000004
NCQ30,OUT035,2142.5776899999996
NCN54,OUT019,290.35538
FDY01,OUT027,3629.0760600000003
FDX39,OUT035,2707.67544
FDH53,OUT027,3074.09847
FDA57,OUT035,2251.93534
NCC07,OUT010,330.20351
FDU28,OUT013,2526.54455
FDK36,OUT010,181.0976
FDR36,OUT018,1564.36368
NCQ17,OUT035,2224.53767
FDS28,OUT019,203.43518999999998
FDE08,OUT045,2556.7385799999997
FDU22,OUT046,2128.5293099999994
FDG41,OUT045,1565.2957999999999
FDO31,OUT010,286.19413
FDM21,OUT019,408.70133000000004
FDU40,OUT017,2958.4822999999997
FDV36,OUT018,1587.53352
FDT10,OUT027,1830.35078
FDX38,OUT045,1049.2342199999998
NCU30,OUT027,3746.32344
NCV06,OUT049,3333.5274400000003
FDT16,OUT035,3078.75907
NCP41,OUT027,2793.33061
FDZ56,OUT017,2908.0479499999997
FDC22,OUT035,2412.92578
FDU10,OUT035,1675.5522800000003
FDS46,OUT045,2248.57305
FDO08,OUT049,2695.8574899999994
NCV42,OUT018,1903.22259
FDP33,OUT035,3339.1867399999996
FDJ12,OUT046,3130.09225
FDH04,OUT045,1363.62498
NCU54,OUT013,3460.46221
FDO36,OUT010,318.85161999999997
FDT37,OUT027,4255.02793
FDD14,OUT010,360.43083000000007
FDA16,OUT013,2814.4364699999996
NCS42,OUT019,251.83885
FDP10,OUT019,379.10652
FDQ28,OUT049,2359.5952
FDK57,OUT010,346.2492900000001
FDK02,OUT013,2463.69303
FDW47,OUT018,2101.5977
NCC42,OUT018,1945.53418
FDQ37,OUT018,3152.36326
FDL40,OUT046,1740.9338400000001
DRE13,OUT010,308.69817
FDQ34,OUT027,3594.55433
NCB54,OUT046,2120.10694
FDS48,OUT049,1935.6803400000001
FDO15,OUT045,1270.44627
NCT30,OUT013,1634.7720299999996
FDU49,OUT027,3294.57814
FDE21,OUT046,1898.79502
FDS49,OUT019,317.61989000000005
FDT38,OUT027,4313.45188
FDZ01,OUT045,1723.3567200000002
FDC41,OUT035,1551.14755
DRG13,OUT010,490.26183000000003
NCZ42,OUT018,2589.42936
NCM07,OUT045,2136.5521999999996
NCV17,OUT018,2032.22134
DRK39,OUT035,2785.07469
FDS37,OUT018,1923.8623899999998
FDV12,OUT019,272.4786499999999
NCG19,OUT018,2284.92573
FDS51,OUT013,1702.1177
NCO14,OUT046,1482.96963
FDC38,OUT046,2291.58373
FDN15,OUT046,2179.96236
NCH42,OUT013,3259.55706
FDQ22,OUT046,2177.19929
FDC05,OUT013,2518.68811
FDZ31,OUT013,2623.81793
DRJ23,OUT049,2267.88125
FDC52,OUT035,2580.1081599999998
DRD12,OUT010,313.25890000000004
FDV55,OUT017,2678.8463
FDD32,OUT046,2116.2453
FDR01,OUT049,2744.32773
FDY08,OUT019,310.16292999999996
FDQ45,OUT045,3149.00097
DRN11,OUT027,3548.84716
NCS05,OUT018,2031.62212
FDY32,OUT035,2463.42671
NCD31,OUT045,3017.93824
NCE06,OUT049,2542.09098
NCP14,OUT046,1865.73805
NCF18,OUT019,414.39392
FDF14,OUT018,2078.4944400000004
FDB22,OUT017,2208.3254399999996
NCH54,OUT049,3059.9835099999996
FDU27,OUT035,2140.9464800000005
FDS58,OUT027,3586.298410000001
NCU29,OUT035,2235.85627
FDJ57,OUT013,2272.7415899999996
FDL56,OUT049,1492.0578
FDH60,OUT035,2474.57886
FDN24,OUT018,1490.3600099999999
FDD02,OUT017,2254.56525
FDP15,OUT017,2990.04122
FDB28,OUT027,4581.66941
DRC49,OUT045,2107.12384
NCG30,OUT018,1645.45812
FDJ14,OUT049,1218.04781
FDL52,OUT045,1314.1227500000002
NCG19,OUT027,5532.098909999999
NCN41,OUT035,2028.1266700000008
FDW22,OUT013,3042.8391599999995
FDI02,OUT013,1813.27301
FDV51,OUT045,2600.5482199999997
FDV48,OUT046,2398.31147
NCL17,OUT019,395.51849
FDP46,OUT045,1646.9561700000002
FDU10,OUT045,996.46957
FDT37,OUT010,443.02331999999996
FDI27,OUT035,2406.43423
FDN51,OUT046,2216.64794
FDW07,OUT035,1991.0749
FDN45,OUT049,2619.2239099999997
DRN37,OUT027,3609.8011500000007
DRF48,OUT049,2865.03727
FDP38,OUT019,281.66668999999996
NCX18,OUT027,4876.11946
FDK45,OUT018,1403.40653
FDZ37,OUT049,2129.09524
FDS50,OUT018,2434.4311199999997
NCR54,OUT018,2318.6817899999996
NCS17,OUT035,2028.1266700000003
FDV31,OUT046,2871.8284299999996
DRE27,OUT017,1416.75582
FDN60,OUT013,2308.92782
FDK26,OUT013,2119.9072000000006
FDX37,OUT018,1247.74249
FDW31,OUT046,3105.1913299999997
FDX26,OUT018,2231.02922
DRL49,OUT019,304.17073000000005
FDU49,OUT017,2115.61279
FDY58,OUT046,3076.2623200000007
FDN03,OUT045,3444.7493299999996
NCV06,OUT010,371.58297999999996
FDH53,OUT045,2005.6226299999994
FDG31,OUT018,1900.6259699999996
NCC06,OUT045,2172.80501
FDS13,OUT049,2615.56201
FDP16,OUT035,2462.5944600000003
FDA35,OUT013,1764.3367100000003
DRP47,OUT018,3075.16375
FDY28,OUT010,446.31903
FDY20,OUT035,1745.09509
NCH30,OUT017,2090.3789699999998
NCR29,OUT019,354.77153
NCP05,OUT013,2116.7113600000002
NCF30,OUT019,303.87112
FDA08,OUT035,2336.9579999999996
FDN51,OUT027,5284.421310000001
FDH12,OUT046,1782.6129199999996
FDY39,OUT017,2814.40318
NCO53,OUT045,2437.06103
FDB40,OUT046,2461.36273
FDH02,OUT049,2129.09524
FDY11,OUT027,3883.0121800000006
FDQ09,OUT019,393.15490000000005
FDP16,OUT013,2861.00918
NCF55,OUT018,1767.46597
FDY09,OUT027,4480.734130000001
FDY39,OUT045,2555.64001
NCU53,OUT049,2334.39467
NCT41,OUT049,2174.76912
FDJ45,OUT046,1175.96925
FDR28,OUT013,2577.2785100000006
FDN08,OUT013,2188.28486
FDJ07,OUT049,1638.96657
FDZ09,OUT027,4564.025709999999
FDQ14,OUT017,2311.19154
FDY12,OUT027,1991.2746399999996
FDK57,OUT046,2137.2845800000005
FDD20,OUT049,2376.37336
FDS36,OUT018,1743.83007
FDI40,OUT049,1937.91077
FDJ40,OUT045,2065.24502
FDE08,OUT013,2583.9698
DRK01,OUT013,2395.71485
FDC58,OUT049,2185.92127
FDE50,OUT046,2579.2426200000004
FDX48,OUT035,2474.5788600000005
DRM35,OUT018,2553.3430000000003
FDG41,OUT013,1602.38086
FDB52,OUT046,2892.10204
FDV19,OUT045,2306.6641000000004
DRG48,OUT017,2035.0509900000002
FDI26,OUT013,2832.5129399999996
FDU11,OUT019,312.92600000000004
FDF59,OUT019,275.80765
FDR07,OUT049,2030.7232900000004
NCE06,OUT017,2124.96728
FDE10,OUT046,1945.33444
NCO55,OUT046,1743.7967800000001
FDZ13,OUT013,1754.5161600000004
FDT50,OUT017,1305.26761
FDH12,OUT010,225.24014000000003
FDD21,OUT045,1815.9695
NCM05,OUT013,2127.16442
FDK04,OUT013,1584.03807
FDN33,OUT017,1797.8930299999997
NCM18,OUT010,228.00320999999994
DRC25,OUT049,2140.38055
FDT47,OUT017,2049.7651699999997
FDD45,OUT027,2918.5343
NCD07,OUT018,1819.66469
NCY54,OUT010,446.48548
FDL12,OUT049,1821.92841
FDL02,OUT017,2369.44904
FDC60,OUT035,2100.36597
FDR37,OUT017,2414.6568599999996
FDY16,OUT017,3026.1608700000006
FDU26,OUT045,1888.1089299999999
FDN24,OUT013,1388.5259
FDH44,OUT013,2478.3073400000003
FDE23,OUT010,185.45859000000002
FDW60,OUT017,2910.744440000001
FDQ55,OUT049,2180.6614500000005
FDV32,OUT027,2125.66637
FDV03,OUT010,310.02977000000004
FDY14,OUT010,451.57885000000005
NCL55,OUT027,3660.2687900000005
DRF25,OUT017,1345.8814100000002
FDX03,OUT046,2061.5831200000002
FDF40,OUT045,3348.1417500000002
FDX24,OUT010,208.76159
FDA25,OUT049,1993.2054600000004
FDH21,OUT018,2021.4686699999997
FDB47,OUT010,370.31796
FDT34,OUT019,366.02355
FDS39,OUT010,428.64204
NCU05,OUT046,1661.1709999999998
FDE02,OUT049,1690.9988399999997
FDL25,OUT035,1415.4908000000003
FDC50,OUT049,1848.0277700000001
FDZ32,OUT049,2402.9720700000007
FDV14,OUT045,1506.60553
FDR07,OUT045,1848.46054
FDB26,OUT049,1876.82362
NCR50,OUT045,2505.5718499999994
FDP01,OUT018,1839.7385599999998
FDH57,OUT045,2125.9992700000003
FDM60,OUT027,3844.6621000000005
FDA45,OUT017,2408.9975600000007
FDU55,OUT017,4142.64089
FDH40,OUT035,1863.8405199999997
FDG40,OUT019,277.73847
FDT12,OUT049,2274.13977
DRL59,OUT045,1259.0277999999998
FDT47,OUT018,1347.64578
FDI60,OUT017,1588.83183
DRF51,OUT027,4265.98034
NCK31,OUT049,2050.36439
FDB08,OUT045,2336.1923300000003
FDM44,OUT035,2305.1327600000004
FDD46,OUT018,1937.0785199999998
FDR27,OUT019,402.94215999999994
FDV56,OUT010,198.84116999999998
FDM02,OUT049,1876.82362
FDU45,OUT018,1771.4940599999998
FDZ10,OUT017,2097.23671
NCK31,OUT010,248.04379
FDR27,OUT035,2378.8035299999997
FDF33,OUT013,1240.08579
FDJ36,OUT046,1984.6499299999996
FDP33,OUT049,2783.9428299999995
FDG17,OUT046,3077.22773
FDG47,OUT027,6091.0713
NCW29,OUT046,2379.5691999999995
DRH59,OUT017,1362.72615
FDR32,OUT017,3669.9561799999997
FDP48,OUT035,2470.2178700000004
FDG17,OUT035,2907.51531
DRJ59,OUT017,1374.1446200000003
FDY48,OUT027,2435.59627
FDB02,OUT046,2272.30882
FDN10,OUT019,393.1549000000001
NCD55,OUT035,1740.4011999999998
FDX34,OUT013,2474.51228
FDZ38,OUT045,2973.6958299999997
DRF37,OUT049,2940.2060900000006
DRL47,OUT019,324.64408
FDL27,OUT035,1897.1971
NCP53,OUT035,3008.35072
FDT03,OUT019,363.89299
FDJ28,OUT035,3161.98407
FDF40,OUT018,2152.46482
FDA32,OUT035,2955.35304
NCP02,OUT017,1241.68371
FDZ31,OUT045,3080.4901500000005
NCQ29,OUT013,2430.8358
FDP57,OUT010,375.04514000000006
FDL32,OUT027,3377.8364300000003
DRB01,OUT035,2479.63894
FDJ40,OUT046,2403.90419
FDO24,OUT018,1898.82831
FDO11,OUT018,2405.8682999999996
FDA56,OUT035,2429.6040700000003
FDF02,OUT045,1691.2651600000002
FDA10,OUT013,2503.54116
NCI55,OUT017,1952.05902
FDZ40,OUT010,349.44513000000006
FDV08,OUT049,1405.7035399999997
FDN48,OUT013,1612.16812
FDU57,OUT017,2254.3322200000002
DRF49,OUT013,2395.7148499999994
FDS02,OUT035,2648.81872
FDS43,OUT046,2939.7067400000005
FDT16,OUT013,2496.7167099999997
FDX19,OUT027,5396.60861
FDK15,OUT046,1819.76456
DRA12,OUT049,2881.7155599999996
FDY35,OUT017,1748.0911900000003
NCU42,OUT013,2314.15435
FDD26,OUT013,2182.3259500000004
FDR11,OUT018,2138.44973
NCP53,OUT045,3301.0696900000003
FDP34,OUT045,2571.68579
NCV41,OUT019,347.44773
FDN20,OUT018,2171.1737999999996
FDZ16,OUT018,1821.2958999999998
FDZ28,OUT049,2278.7005
NCL55,OUT013,2817.2994099999996
NCJ17,OUT046,1679.8466899999999
FDT37,OUT046,2481.4698900000003
FDV51,OUT049,2347.97699
FDZ28,OUT035,2589.69568
FDN27,OUT013,2177.03284
FDS14,OUT019,400.37883000000005
FDZ58,OUT045,1949.9950399999998
FDD46,OUT046,2492.85507
FDJ03,OUT035,2548.48266
FDU03,OUT010,483.30422
FDA33,OUT027,4135.91631
NCW53,OUT035,2455.2373700000003
NCC55,OUT017,873.6960500000001
FDP52,OUT019,388.1614
FDE39,OUT049,1841.20332
FDB44,OUT035,2866.33558
FDG59,OUT013,1343.2515000000003
FDI05,OUT013,1596.3220799999997
FDF59,OUT045,2661.83511
FDM39,OUT019,326.3418700000001
FDB14,OUT013,1813.27301
NCS05,OUT019,347.44773
DRJ35,OUT045,1379.2712799999997
FDO31,OUT019,310.16292999999996
FDA31,OUT046,2946.4979
FDX40,OUT049,1408.2002900000002
FDW56,OUT045,2761.93814
FDH09,OUT018,840.70566
FDA52,OUT019,346.44903000000005
FDF20,OUT019,375.1782999999999
FDE40,OUT046,2338.6890799999996
NCU17,OUT046,1646.12392
NCP14,OUT035,2124.66767
FDN25,OUT027,1942.6379500000003
FDU39,OUT049,1363.92459
NCM05,OUT017,3180.9926599999994
FDU07,OUT017,2279.29972
FDF28,OUT049,2278.7005
FDR57,OUT049,2227.36732
FDJ33,OUT013,1819.7645599999996
DRH23,OUT035,1843.0675600000002
FDQ52,OUT046,2883.31348
DRK13,OUT035,2539.49436
FDP09,OUT046,2775.3207199999993
FDR08,OUT027,3243.54457
FDV50,OUT045,2021.7682799999998
FDT13,OUT049,2346.64539
FDJ27,OUT027,4196.8703
FDH21,OUT046,2716.3308399999996
FDW14,OUT027,3805.84596
FDL52,OUT049,1415.72383
FDW28,OUT017,2656.40884
FDL40,OUT049,1658.24148
FDE24,OUT046,2002.7929799999997
FDX35,OUT049,3358.52823
FDP46,OUT017,1700.75281
FDX56,OUT045,3660.2022100000004
FDQ45,OUT049,2616.56071
FDK50,OUT027,4141.8419300000005
FDY26,OUT045,2828.41827
FDQ09,OUT017,1824.35858
FDN39,OUT049,2732.0437200000006
FDP13,OUT017,1669.8264
FDR51,OUT013,2627.74615
FDZ49,OUT010,398.08182000000005
FDL28,OUT018,1784.97651
FDZ10,OUT035,2626.94719
FDK38,OUT013,2456.83529
DRL49,OUT027,3503.2065700000007
FDR15,OUT013,2627.74615
FDQ24,OUT035,1376.40834
FDD56,OUT013,2546.18565
NCR42,OUT046,1456.33763
FDH52,OUT045,1338.1581300000003
FDH57,OUT019,375.1782999999999
FDR15,OUT010,432.9697399999999
FDJ34,OUT035,1926.9583599999999
FDW37,OUT035,2220.4097100000004
FDQ23,OUT018,1932.28476
FDP34,OUT013,3151.53101
FDE04,OUT027,4659.168530000001
FDC48,OUT045,1285.7263799999998
FDA47,OUT019,311.86072
FDI35,OUT018,2362.85762
NCV05,OUT013,1861.17732
FDR28,OUT045,2594.75576
FDH31,OUT017,1437.8949699999998
FDP59,OUT019,258.9629100000001
FDS19,OUT018,1366.8208200000001
FDM60,OUT045,1238.7209
FDJ44,OUT018,2609.17033
DRH51,OUT017,1518.024
DRC25,OUT017,1639.16631
DRE25,OUT013,2503.77419
NCX05,OUT049,2080.75816
FDR11,OUT017,2321.87763
DRP47,OUT045,3017.63863
DRC49,OUT019,306.66748
FDQ47,OUT027,2439.92397
FDL20,OUT013,1495.8861499999998
FDM34,OUT035,2560.70009
NCN55,OUT013,3733.673239999999
FDD41,OUT035,2398.3447600000004
FDE52,OUT049,2308.59492
NCT18,OUT019,404.24047
FDJ32,OUT018,1062.4503500000003
FDE16,OUT046,2898.02766
FDZ09,OUT045,2572.0852699999996
DRZ11,OUT046,1885.44573
FDK41,OUT049,1645.5247
FDE56,OUT049,1651.78322
FDH34,OUT013,2918.16811
DRI49,OUT013,2249.0724
DRI59,OUT046,3117.00928
DRC36,OUT049,2460.4638999999997
FDS15,OUT019,381.60327
FDI07,OUT018,1882.38305
FDZ15,OUT018,1746.3934000000002
NCX41,OUT027,3960.8441999999995
NCO29,OUT019,395.51849000000004
FDF57,OUT013,2286.55694
FDI33,OUT035,2251.93534
DRJ47,OUT049,2267.88125
FDB34,OUT046,1734.2425500000002
FDY22,OUT027,3243.07851
DRL11,OUT017,2548.8155600000005
FDY46,OUT035,3314.75188
FDG17,OUT013,2224.2047699999994
FDE52,OUT018,2152.4648199999997
DRP47,OUT027,4970.99596
FDO01,OUT010,317.45344
FDL09,OUT046,2058.2208299999998
FDR57,OUT013,2322.47685
DRD37,OUT035,1773.62462
FDQ36,OUT027,3855.1484499999997
FDL33,OUT049,3160.05325
FDL48,OUT045,1616.9618799999998
FDL28,OUT049,2636.7011599999996
NCN29,OUT046,1513.72959
FDO13,OUT035,3246.17448
FDB38,OUT045,2578.8764299999993
FDI36,OUT035,2474.5788600000005
FDI58,OUT035,1885.14612
FDH22,OUT018,1995.53576
FDQ27,OUT013,2548.71569
FDT33,OUT046,2313.0224900000003
FDC56,OUT045,2222.0409200000004
FDF14,OUT046,2332.36398
FDQ39,OUT017,2930.4521200000004
NCM43,OUT017,2460.1642899999997
FDS46,OUT035,1820.4303600000003
FDI22,OUT049,3392.51732
NCE43,OUT045,2747.05751
FDZ36,OUT010,328.90520000000004
FDR13,OUT019,290.72157000000004
FDP46,OUT018,1766.5338500000003
FDW56,OUT019,375.1782999999999
FDB40,OUT017,2929.15381
FDM28,OUT018,2296.9767100000004
FDV49,OUT013,2998.36372
NCS53,OUT018,2339.2882999999997
FDO03,OUT049,2751.65153
FDT15,OUT035,2623.7180599999997
FDD33,OUT049,3426.27338
FDX13,OUT017,3546.2838300000003
FDH60,OUT013,2399.4433300000005
DRH51,OUT046,1899.3609499999998
NCL07,OUT049,2059.7188799999994
FDW51,OUT045,3057.55334
FDF21,OUT019,310.16293
FDH26,OUT019,289.78945000000004
FDJ03,OUT049,2247.7740900000003
FDU35,OUT017,1918.7690200000002
DRL01,OUT018,2676.94877
FDE59,OUT045,2552.5440399999998
FDI60,OUT035,2100.36597
DRH39,OUT035,1709.6745299999998
FDK36,OUT049,1618.02716
FDN52,OUT045,1542.72518
FDU12,OUT017,3078.759069999999
NCT05,OUT027,3960.8442000000005
FDS37,OUT027,3446.5802800000006
FDK24,OUT017,1102.9642799999997
DRF36,OUT013,2987.24486
FDN46,OUT010,320.38296
NCN06,OUT045,2539.8605500000003
FDD59,OUT035,1555.0757700000001
FDM14,OUT045,1472.38341
FDO10,OUT018,1608.3064800000002
FDU35,OUT013,2017.4738700000003
NCA30,OUT018,2115.18002
NCO41,OUT049,1670.8251
FDI24,OUT046,1855.81763
FDZ16,OUT046,2722.48949
FDV47,OUT046,2152.9974599999996
FDV16,OUT045,1314.12275
FDZ22,OUT035,2203.09891
FDO20,OUT010,388.69404
FDW38,OUT013,2410.3624499999996
FDW52,OUT045,2557.3045099999995
FDT43,OUT019,375.1782999999999
NCS29,OUT045,3134.05376
NCC31,OUT017,2539.6608100000003
FDA21,OUT017,2916.2705799999994
FDQ55,OUT046,2163.68355
NCE54,OUT049,2075.8645300000003
FDD45,OUT017,1403.80601
NCP17,OUT017,1468.78809
FDR47,OUT035,2560.6668
DRM35,OUT013,2177.1992899999996
FDR47,OUT019,406.33774
FDX19,OUT010,351.90859
FDV22,OUT027,3625.0146799999993
FDQ46,OUT027,3102.86103
DRO47,OUT045,2113.5488100000002
FDB44,OUT010,341.52211
FDN02,OUT010,439.66103000000004
FDW10,OUT045,2149.7350400000005
FDJ41,OUT019,289.15693999999996
FDM50,OUT046,1688.6685400000001
FDW10,OUT035,2932.1832000000004
FDY48,OUT049,1757.94503
NCE30,OUT027,5331.693109999999
FDO04,OUT045,924.8294899999999
FDQ26,OUT010,225.43988
NCX29,OUT018,1662.0365399999998
FDE39,OUT046,2025.79637
NCR54,OUT027,4720.521999999999
NCP55,OUT027,2133.8224199999995
FDX22,OUT017,2933.3483499999998
FDI05,OUT035,1608.8058299999998
FDC51,OUT027,3805.8459599999996
FDC10,OUT013,1895.8322099999998
FDJ46,OUT045,2908.51401
FDV10,OUT010,311.6942700000001
FDX12,OUT027,4378.80015
FDL43,OUT019,220.57954
DRB13,OUT046,3437.8250099999996
FDF59,OUT027,3634.236009999999
FDT35,OUT049,2305.13276
NCJ19,OUT035,1905.0535400000008
FDT35,OUT018,1895.0665399999998
FDI48,OUT046,2248.14028
DRC24,OUT019,324.97698
NCZ05,OUT017,1863.4077499999996
FDJ57,OUT049,2956.8178
FDX11,OUT017,2728.1820799999996
FDE09,OUT035,2239.05211
NCK06,OUT049,2437.36064
DRE37,OUT017,3213.8166
FDV56,OUT046,2116.2453
FDY43,OUT017,2473.9463499999997
FDV35,OUT013,2328.6355
FDF05,OUT019,289.15693999999996
FDA36,OUT035,1392.3875400000002
FDS13,OUT027,4254.96135
FDU47,OUT013,2586.3999699999995
FDI36,OUT010,301.74055999999996
FDH48,OUT046,1569.1907299999998
FDZ14,OUT013,2334.72757
FDS46,OUT013,2257.7943800000003
FDE21,OUT017,2127.93009
FDA26,OUT049,2362.52472
FDV12,OUT046,2084.22032
FDL46,OUT019,393.15490000000005
FDN57,OUT013,2920.16551
NCJ18,OUT017,1938.8095999999998
FDO36,OUT045,2026.1958500000005
FDX55,OUT018,2550.8795399999995
FDT25,OUT019,301.57411
FDD16,OUT049,1757.01291
NCX18,OUT013,3407.5976899999996
NCG55,OUT018,1805.2168299999998
NCV18,OUT049,1895.1997
NCS18,OUT035,2333.1296499999994
FDC37,OUT045,1342.3193800000001
FDE47,OUT046,1921.7318300000006
DRG49,OUT019,452.97703
FDC39,OUT049,2794.52905
FDH24,OUT019,304.80323999999996
FDV39,OUT027,4895.7272699999985
NCL17,OUT045,2134.2219000000005
NCY53,OUT035,2170.6078700000003
FDH52,OUT013,1555.07577
NCD19,OUT018,1546.68669
FDI44,OUT046,1417.5214899999999
DRD49,OUT027,3609.3350900000005
FDN08,OUT035,1814.5047399999999
FDO20,OUT027,5594.084889999999
FDY02,OUT046,2616.19452
FDX23,OUT045,1160.2230800000002
FDX01,OUT017,1923.39633
FDH20,OUT027,3130.29199
NCX41,OUT017,3030.12238
FDD21,OUT027,3240.1489899999992
DRH11,OUT019,167.74831
DRE60,OUT018,2257.59464
FDB10,OUT013,3198.70294
FDH38,OUT013,2504.27354
NCL07,OUT018,1486.0656000000001
FDD48,OUT046,1623.7863299999997
NCT54,OUT027,2552.6106200000004
FDF32,OUT027,5155.35598
DRH51,OUT045,1417.7212299999999
DRG03,OUT035,3149.50032
NCY42,OUT019,321.08205000000004
FDH32,OUT017,1661.3374499999998
NCJ06,OUT027,3104.6919800000005
FDH47,OUT027,3068.20614
FDZ08,OUT018,1548.51764
FDK16,OUT017,1646.02405
DRG01,OUT018,1494.28823
NCM53,OUT027,3064.1114700000003
NCB07,OUT035,2939.3738399999997
NCZ06,OUT035,3274.7373
FDU48,OUT049,1785.7088900000003
NCB55,OUT027,1716.99833
FDP15,OUT013,3806.6116300000003
FDF17,OUT046,2304.73328
NCN06,OUT049,2467.8542800000005
DRM48,OUT018,1423.84659
FDH10,OUT046,2719.8928700000006
FDC60,OUT018,1889.7401400000003
FDE35,OUT018,1177.66704
DRI23,OUT013,2346.8451299999997
NCR38,OUT013,3177.5637899999997
FDP04,OUT035,1590.5962
NCW17,OUT045,2077.4291600000006
FDX34,OUT017,1791.6678
NCK53,OUT045,1932.0850199999998
NCO54,OUT010,251.77227
NCH55,OUT046,2315.25292
FDT44,OUT027,3654.80923
DRG49,OUT046,2195.6752399999996
FDX46,OUT010,299.77644999999995
DRG36,OUT049,2896.36316
FDU37,OUT049,1441.39042
FDK10,OUT049,2425.90888
DRF37,OUT027,3609.3350900000005
FDC44,OUT035,2474.8118900000004
FDP15,OUT046,2868.46614
FDZ27,OUT027,4264.98164
FDY22,OUT019,273.84353999999996
DRG51,OUT035,3260.8553699999998
FDN58,OUT045,3914.4712300000006
FDW01,OUT049,2020.3701
FDX24,OUT018,1698.0896099999998
FDO51,OUT017,1615.3306699999998
FDJ52,OUT027,3340.1521499999994
NCY06,OUT010,300.20922
FDE20,OUT018,2076.4970399999997
FDT23,OUT010,263.72337999999996
FDQ51,OUT046,2032.28792
FDE35,OUT046,1614.2986799999999
FDB46,OUT013,3128.86052
NCG19,OUT035,3047.5330499999995
NCL06,OUT018,2525.4792700000003
FDT36,OUT019,232.53065000000007
FDC56,OUT049,1979.8561700000002
FDJ26,OUT049,2472.2485599999995
FDZ59,OUT017,2748.2559499999998
FDV11,OUT027,4014.97374
FDR13,OUT010,222.27733000000003
FDI15,OUT018,3027.3593100000003
FDF47,OUT018,3654.2100100000002
NCB54,OUT019,347.44773
NCK19,OUT027,3479.2377699999997
FDX16,OUT017,2200.4357099999997
FDL50,OUT045,2093.74126
NCE31,OUT035,1839.8717199999999
DRJ01,OUT049,2865.37017
FDE22,OUT013,2831.5475300000003
FDY20,OUT019,310.1629299999999
NCO14,OUT045,968.7057099999998
NCR50,OUT017,2505.1390799999995
DRM47,OUT017,2976.15929
FDO27,OUT010,381.70314
FDJ20,OUT027,3505.503579999999
NCX17,OUT013,2238.3530199999996
FDG59,OUT049,1187.42101
FDD52,OUT045,1990.3425200000001
FDO48,OUT017,3158.4220400000004
FDC59,OUT019,180.06561000000005
FDS15,OUT018,1675.4524100000003
FDB47,OUT035,3551.9098400000003
FDV14,OUT019,306.43444999999997
FDB27,OUT013,2744.32773
FDA35,OUT035,2474.5788600000005
FDN51,OUT018,2134.9209899999996
FDO39,OUT019,457.50446999999997
FDB28,OUT049,2675.65046
DRJ25,OUT046,1980.18907
FDH46,OUT027,2519.8199699999996
FDI10,OUT045,2988.90936
FDU21,OUT018,1501.7119
FDD09,OUT049,2827.1865399999997
FDD10,OUT046,1939.87488
FDN31,OUT010,326.60819
FDA46,OUT018,2483.13439
FDM56,OUT046,1698.4557999999997
FDF11,OUT010,577.31518
FDS32,OUT018,1967.9716399999998
NCM06,OUT013,2632.7396500000004
FDZ26,OUT045,4107.15375
FDO01,OUT013,2022.6338199999998
FDJ46,OUT049,3258.99113
FDG26,OUT019,446.08599999999996
FDZ38,OUT035,3149.50032
NCO55,OUT013,1973.7308099999996
FDT60,OUT035,1301.37268
FDW37,OUT049,1853.12114
NCK42,OUT018,2770.2939300000003
FDA45,OUT046,2920.9977600000007
FDW55,OUT018,2693.8268000000003
FDY44,OUT017,3333.9934999999996
FDQ31,OUT017,1801.3219000000001
FDM09,OUT049,2531.47147
FDH12,OUT018,1698.0896099999998
NCQ43,OUT035,1969.1700799999999
FDT33,OUT035,2176.03414
NCT41,OUT018,2426.57468
DRJ25,OUT010,306.80064000000004
NCQ41,OUT046,2773.62293
NCN17,OUT049,1862.5089199999998
DRO35,OUT027,3450.4419199999998
FDU27,OUT018,1564.03078
FDY43,OUT027,4933.94419
FDG46,OUT035,2005.28973
DRL49,OUT018,2024.0652899999998
NCB55,OUT049,2085.55192
FDK28,OUT049,2559.2353300000004
FDO49,OUT045,1693.0295299999998
FDT03,OUT013,2854.25131
FDW33,OUT027,3236.85328
FDR02,OUT035,2928.5212999999994
FDF50,OUT013,2707.87518
FDA40,OUT018,1296.07957
NCT53,OUT018,1925.92637
FDY60,OUT035,2100.36597
FDP44,OUT027,3145.4389399999995
NCQ50,OUT045,3104.22592
NCC30,OUT017,3162.91619
FDQ60,OUT018,1889.7401399999999
FDG41,OUT046,2241.64873
FDQ03,OUT046,2280.83106
FDM03,OUT045,2179.1966899999998
FDZ51,OUT018,1622.7543400000002
DRF51,OUT035,2672.28817
FDF39,OUT017,3925.35706
FDW52,OUT035,2560.0342899999996
FDY22,OUT049,2215.7824
FDG14,OUT013,2087.3828700000004
FDA57,OUT017,1481.0721
FDL45,OUT019,401.8103
FDX28,OUT046,1769.16376
NCQ54,OUT013,2717.52928
FDH40,OUT045,1257.3965900000003
FDU52,OUT035,2458.69953
FDT60,OUT010,293.9507
FDK08,OUT045,1769.96272
FDN04,OUT049,2595.4215599999998
FDE50,OUT013,1887.9757699999998
FDI16,OUT049,1804.58432
FDM50,OUT049,1876.82362
NCV30,OUT049,2299.44017
FDT44,OUT013,1447.4159100000002
FDY60,OUT013,2216.28175
FDT56,OUT017,1210.52427
FDV58,OUT018,2638.8650100000004
FDU04,OUT013,1761.0077099999999
NCN05,OUT027,3644.1231400000006
FDI53,OUT018,1670.1260100000004
FDD34,OUT046,2409.39704
FDW47,OUT027,2748.22266
FDT51,OUT027,4215.0466400000005
FDO27,OUT013,2465.95675
NCQ18,OUT018,1452.7090199999998
NCW05,OUT013,1972.8652700000002
FDI15,OUT010,405.17259
NCH43,OUT010,418.92136
FDT40,OUT049,1904.7872200000002
NCG19,OUT017,3245.0759100000005
NCM30,OUT035,2094.5735099999997
FDB38,OUT017,2578.87643
FDB22,OUT046,2492.85507
FDC58,OUT046,1821.42906
NCI29,OUT013,1589.73066
FDA23,OUT010,207.89605
DRG48,OUT013,2538.7952699999996
FDV21,OUT013,2756.27884
NCG18,OUT019,307.00038000000006
FDG40,OUT045,765.86974
FDU24,OUT018,1943.3703299999997
FDA22,OUT049,2703.88038
FDY35,OUT046,1684.2409700000003
FDJ15,OUT045,3710.170499999999
NCW18,OUT018,2654.71105
FDK56,OUT018,2635.86891
FDF44,OUT046,2507.5359599999997
FDP51,OUT049,2213.61855
FDU22,OUT027,3321.8759400000004
FDM28,OUT017,3113.08106
NCL42,OUT046,2902.2554900000005
FDJ15,OUT019,449.51487
FDI32,OUT018,1893.3021700000002
DRL11,OUT046,2473.2472599999996
DRO59,OUT018,1949.3958199999997
FDA07,OUT019,310.16292999999996
NCO53,OUT013,2046.9355199999998
FDO21,OUT045,3619.3886700000003
FDW39,OUT045,2748.7885900000006
NCV17,OUT013,1861.9097000000002
FDE22,OUT046,2497.2826400000004
NCB06,OUT018,2479.17288
DRF48,OUT017,2619.5901000000003
FDB05,OUT013,2738.60185
FDP28,OUT027,5029.41991
FDP23,OUT046,3307.5945300000008
NCS41,OUT018,2370.3478699999996
FDS40,OUT018,1415.3576400000002
FDA16,OUT017,3221.17369
FDN20,OUT035,2576.54613
FDF04,OUT027,3657.60559
DRG36,OUT018,2319.9801
FDW16,OUT018,1296.07957
FDU09,OUT017,1256.5976300000002
FDW01,OUT046,2498.58095
FDB15,OUT045,3973.72743
NCJ17,OUT049,1838.5734100000002
NCT18,OUT018,2267.14887
FDG16,OUT018,3241.64704
FDP27,OUT017,2540.2600300000004
FDQ44,OUT027,3390.3534699999996
FDL50,OUT027,3382.3971599999995
FDW57,OUT027,4374.905220000001
FDS34,OUT013,2309.92652
NCV30,OUT035,2350.2074199999997
FDD26,OUT018,1872.76224
FDA03,OUT045,2568.6564000000003
FDS27,OUT018,1999.6637199999998
FDM12,OUT013,2519.1874599999996
NCV42,OUT027,2991.53927
NCS41,OUT046,2963.6755399999997
FDN56,OUT018,2019.1383700000001
DRK59,OUT046,3122.2691
NCG18,OUT046,2129.02866
NCN26,OUT017,1968.03822
FDI60,OUT027,3883.0121800000006
NCI43,OUT049,2087.68248
NCL17,OUT049,2240.4502899999998
FDQ19,OUT019,310.16293
FDY43,OUT049,2448.8789800000004
FDR36,OUT049,2073.8338400000002
FDJ58,OUT049,2814.3366
DRY23,OUT045,1524.61542
FDK26,OUT027,4307.726000000001
DRH03,OUT045,1600.64978
FDC10,OUT010,328.87191
FDD23,OUT013,2213.0859100000002
FDP32,OUT045,2298.3748899999996
FDO31,OUT035,1767.93203
FDQ57,OUT013,2564.86134
FDX32,OUT027,4212.38344
FDC39,OUT027,4548.8787600000005
FDU55,OUT046,3086.8818299999994
FDL45,OUT013,2761.2723400000004
DRK37,OUT049,2865.03727
FDK22,OUT013,3087.74737
DRG37,OUT027,3584.06798
FDK22,OUT017,3823.6228199999996
DRH36,OUT018,1607.40765
DRC36,OUT018,2052.3617900000004
DRE03,OUT027,4214.747029999999
FDF34,OUT046,2417.1536100000003
FDZ22,OUT046,2011.4483799999998
FDC44,OUT010,300.54211999999995
FDN31,OUT027,5155.35598
FDO03,OUT017,3364.6868799999997
FDA01,OUT049,1123.1713100000002
NCH42,OUT049,3181.42543
FDF46,OUT018,1818.3996700000002
DRL35,OUT046,1981.35422
FDW46,OUT049,1323.7435600000001
FDB58,OUT046,2249.27214
FDD47,OUT018,2426.60797
NCO17,OUT045,2167.5784799999997
FDJ26,OUT017,3152.1635199999996
FDU37,OUT045,1653.9137800000003
